instance,n_customers,coverage,coverage_pct,omega,placement_seed,solver_seed,base_tabu_tenure,max_iter,shake_tenure,shake_iter,shake_steps,opt_iter,phi,use_candidate_lists,use_extended_operators,best_cost,vehicles,iterations_done,moves_generated,moves_evaluated,moves_skipped_validity,moves_skipped_tabu,shakes,solver_time_sec,candidate_pairs,selected_arcs,applied_arcs,total_reduction,frvcp_calls,frvcp_total_time_sec,frvcp_avg_time_ms,error,experiment,ablation
tc0c10s2cf1.xml,10,0.3,30%,0.9,20240528,20240528,5,100,20,20,1,0,0.9,False,True,10.691271934249688,2,100,40558,17515,23043,597,4,2.2430191040039062,45,26,26,157303.26219844652,3365,0.5208183554350398,0.15477514277415746,,ablation_frvcp,baseline
tc0c10s2cf1.xml,10,0.3,30%,0.9,20240528,20240528,5,100,1000000000,20,1,0,0.9,False,True,10.691271934249688,2,100,40522,17310,23212,473,0,2.13486909866333,45,26,26,157303.26219844652,2964,0.4605773568036966,0.1553904712563079,,ablation_frvcp,no_shaking
tc0c10s2cf1.xml,10,0.3,30%,0.9,20240528,20240528,5,100,20,20,1,0,0.9,False,False,10.691271934249688,2,100,12016,3871,8145,45,4,0.6627399921417236,45,26,26,157303.26219844652,1361,0.2116439930978231,0.1555062403363873,,ablation_frvcp,no_extended_operators
tc0c10s2ct1.xml,10,0.3,30%,0.9,20240528,20240528,5,100,20,20,1,0,0.9,False,True,11.54118806823345,2,100,40269,13281,26988,587,4,2.34814190864563,45,26,26,225479.9912444354,3067,0.5433870271663181,0.1771721640581409,,ablation_frvcp,baseline
tc0c10s2ct1.xml,10,0.3,30%,0.9,20240528,20240528,5,100,1000000000,20,1,0,0.9,False,True,11.54118806823345,2,100,40250,13249,27001,259,0,2.0979440212249756,45,26,26,225479.9912444354,2331,0.41105259233154356,0.17634173845197063,,ablation_frvcp,no_shaking
tc0c10s2ct1.xml,10,0.3,30%,0.9,20240528,20240528,5,100,20,20,1,0,0.9,False,False,11.54118806823345,2,100,11684,3936,7748,209,4,1.117211103439331,45,26,26,225479.9912444354,2176,0.3906328665907495,0.17951878060236648,,ablation_frvcp,no_extended_operators
tc0c10s3cf1.xml,10,0.3,30%,0.9,20240528,20240528,5,100,20,20,1,0,0.9,False,True,11.362785815564438,2,100,40312,16056,24256,405,4,2.410654306411743,45,26,26,163252.06872012973,3695,0.654198783216998,0.1770497383537207,,ablation_frvcp,baseline
tc0c10s3cf1.xml,10,0.3,30%,0.9,20240528,20240528,5,100,1000000000,20,1,0,0.9,False,True,11.362785815564438,2,100,40244,16014,24230,276,0,2.194520950317383,45,26,26,163252.06872012973,3068,0.5275328965508379,0.1719468372069224,,ablation_frvcp,no_shaking
tc0c10s3cf1.xml,10,0.3,30%,0.9,20240528,20240528,5,100,20,20,1,0,0.9,False,False,11.491212363376887,2,100,11624,3826,7798,68,4,1.1722650527954102,45,26,26,163252.06872012973,2338,0.3954518656828441,0.16914108882927462,,ablation_frvcp,no_extended_operators
tc0c10s3ct1.xml,10,0.3,30%,0.9,20240528,20240528,5,100,20,20,1,0,0.9,False,True,10.62323649841983,2,100,39756,13158,26598,495,4,2.5136938095092773,45,26,26,196936.86239195938,3316,0.6834386127302423,0.2061033210887341,,ablation_frvcp,baseline
tc0c10s3ct1.xml,10,0.3,30%,0.9,20240528,20240528,5,100,1000000000,20,1,0,0.9,False,True,10.62323649841983,2,100,40392,19026,21366,64,0,2.047002077102661,45,26,26,196936.86239195938,2089,0.4205355974845588,0.2013095248849013,,ablation_frvcp,no_shaking
tc0c10s3ct1.xml,10,0.3,30%,0.9,20240528,20240528,5,100,20,20,1,0,0.9,False,False,10.62323649841983,2,100,11490,4559,6931,119,4,0.8712787628173828,45,26,26,196936.86239195938,1714,0.34959821769734845,0.20396628803812628,,ablation_frvcp,no_extended_operators
tc1c10s2cf2.xml,10,0.3,30%,0.9,20240528,20240528,5,100,20,20,1,0,0.9,False,True,8.892121336602498,3,100,41064,24659,16405,826,4,2.9829540252685547,45,26,26,165004.1757010444,4057,0.7222928415285423,0.17803619460895792,,ablation_frvcp,baseline
tc1c10s2cf2.xml,10,0.3,30%,0.9,20240528,20240528,5,100,1000000000,20,1,0,0.9,False,True,8.892121336602498,3,100,41026,24526,16500,398,0,2.6010019779205322,45,26,26,165004.1757010444,2963,0.5204993518418632,0.17566633541743612,,ablation_frvcp,no_shaking
tc1c10s2cf2.xml,10,0.3,30%,0.9,20240528,20240528,5,100,20,20,1,0,0.9,False,False,8.892121336602498,3,100,9896,6515,3381,119,4,1.1389601230621338,45,26,26,165004.1757010444,2522,0.4348349223146215,0.17241670194870004,,ablation_frvcp,no_extended_operators
tc1c10s2cf3.xml,10,0.3,30%,0.9,20240528,20240528,5,100,20,20,1,0,0.9,False,True,12.913337503662763,2,100,40223,18334,21889,376,4,2.1537258625030518,45,26,26,192233.73670110834,2375,0.4992915292386897,0.21022801231102725,,ablation_frvcp,baseline
tc1c10s2cf3.xml,10,0.3,30%,0.9,20240528,20240528,5,100,1000000000,20,1,0,0.9,False,True,12.913337503662763,2,100,40200,18291,21909,152,0,1.852579116821289,45,26,26,192233.73670110834,1556,0.32351136073702946,0.20791218556364363,,ablation_frvcp,no_shaking
tc1c10s2cf3.xml,10,0.3,30%,0.9,20240528,20240528,5,100,20,20,1,0,0.9,False,False,12.913337503662763,2,100,11600,3400,8200,0,5,0.5501670837402344,45,26,26,192233.73670110834,838,0.1672161094029434,0.19954189666222363,,ablation_frvcp,no_extended_operators
tc1c10s2cf4.xml,10,0.3,30%,0.9,20240528,20240528,5,100,20,20,1,0,0.9,False,True,13.977532053156851,2,100,40261,12875,27386,108,4,2.6723971366882324,45,26,26,267547.12070698023,3271,0.6323384977295063,0.19331656916218476,,ablation_frvcp,baseline
tc1c10s2cf4.xml,10,0.3,30%,0.9,20240528,20240528,5,100,1000000000,20,1,0,0.9,False,True,13.977532053156851,2,100,40261,12875,27386,108,0,2.434957981109619,45,26,26,267547.12070698023,2573,0.505555757728871,0.1964849427628725,,ablation_frvcp,no_shaking
tc1c10s2cf4.xml,10,0.3,30%,0.9,20240528,20240528,5,100,20,20,1,0,0.9,False,False,13.846667744148288,2,100,14234,6008,8226,112,4,0.9009761810302734,45,26,26,267547.12070698023,1443,0.30018837755778804,0.2080307536783008,,ablation_frvcp,no_extended_operators
tc1c10s2ct2.xml,10,0.3,30%,0.9,20240528,20240528,5,100,20,20,1,0,0.9,False,True,9.022668713741167,3,100,41049,24464,16585,690,4,3.5373282432556152,45,26,22,144553.38392452782,4749,1.1514931116253138,0.24247064889983444,,ablation_frvcp,baseline
tc1c10s2ct2.xml,10,0.3,30%,0.9,20240528,20240528,5,100,1000000000,20,1,0,0.9,False,True,9.022668713741167,3,100,41011,24353,16658,314,0,2.9265260696411133,45,26,22,144553.38392452782,3298,0.7682982782716863,0.23295884726248828,,ablation_frvcp,no_shaking
tc1c10s2ct2.xml,10,0.3,30%,0.9,20240528,20240528,5,100,20,20,1,0,0.9,False,False,9.022668713741167,3,100,9878,6444,3434,124,4,1.201805830001831,45,26,22,144553.38392452782,2311,0.5348237867001444,0.23142526469067262,,ablation_frvcp,no_extended_operators
tc1c10s2ct3.xml,10,0.3,30%,0.9,20240528,20240528,5,100,20,20,1,0,0.9,False,True,11.815316456247636,2,100,39612,18670,20942,87,4,1.9731619358062744,45,26,26,163228.62831612796,2189,0.42026020569028333,0.19198730273653877,,ablation_frvcp,baseline
tc1c10s2ct3.xml,10,0.3,30%,0.9,20240528,20240528,5,100,1000000000,20,1,0,0.9,False,True,11.815316456247636,2,100,39612,18670,20942,87,0,1.9720571041107178,45,26,26,163228.62831612796,2189,0.42025938601000234,0.19198692828232175,,ablation_frvcp,no_shaking
tc1c10s2ct3.xml,10,0.3,30%,0.9,20240528,20240528,5,100,20,20,1,0,0.9,False,False,11.815316456247636,2,100,10464,2881,7583,60,5,0.6539039611816406,45,26,26,163228.62831612796,1163,0.23276029952103272,0.20013783277818806,,ablation_frvcp,no_extended_operators
tc1c10s2ct4.xml,10,0.3,30%,0.9,20240528,20240528,5,100,20,20,1,0,0.9,False,True,11.574052740873855,2,100,40121,12840,27281,382,4,1.7345731258392334,45,26,24,191530.0241846431,1673,0.30350118747446686,0.18141134935712305,,ablation_frvcp,baseline
tc1c10s2ct4.xml,10,0.3,30%,0.9,20240528,20240528,5,100,1000000000,20,1,0,0.9,False,True,11.574052740873855,2,100,40202,13384,26818,70,0,1.632133960723877,45,26,24,191530.0241846431,1376,0.24946167168673128,0.18129481953977564,,ablation_frvcp,no_shaking
tc1c10s2ct4.xml,10,0.3,30%,0.9,20240528,20240528,5,100,20,20,1,0,0.9,False,False,11.799213528280275,2,100,10476,3066,7410,60,5,0.6224758625030518,45,26,24,191530.0241846431,1139,0.20589756686240435,0.1807704713453945,,ablation_frvcp,no_extended_operators
tc1c10s3cf2.xml,10,0.3,30%,0.9,20240528,20240528,5,100,20,20,1,0,0.9,False,True,8.88918196986262,2,100,38689,20459,18230,769,4,3.0321552753448486,45,26,24,161323.35521579447,4672,0.9208432088489644,0.19709828956527492,,ablation_frvcp,baseline
tc1c10s3cf2.xml,10,0.3,30%,0.9,20240528,20240528,5,100,1000000000,20,1,0,0.9,False,True,8.88918196986262,2,100,38626,20291,18335,393,0,2.5688979625701904,45,26,24,161323.35521579447,3357,0.6758785848505795,0.20133410332159055,,ablation_frvcp,no_shaking
tc1c10s3cf2.xml,10,0.3,30%,0.9,20240528,20240528,5,100,20,20,1,0,0.9,False,False,8.889181969862621,2,100,8590,4552,4038,141,4,1.0946781635284424,45,26,24,161323.35521579447,2484,0.4670346833881922,0.18801718332857978,,ablation_frvcp,no_extended_operators
tc1c10s3cf3.xml,10,0.3,30%,0.9,20240528,20240528,5,100,20,20,1,0,0.9,False,True,12.99738986253432,2,100,40269,18142,22127,491,4,2.458293914794922,45,26,24,136585.98005370438,2636,0.6704872366972268,0.2543578287925746,,ablation_frvcp,baseline
tc1c10s3cf3.xml,10,0.3,30%,0.9,20240528,20240528,5,100,1000000000,20,1,0,0.9,False,True,12.99738986253432,2,100,40246,18094,22152,267,0,2.1382410526275635,45,26,24,136585.98005370438,1890,0.477279823506251,0.25252900714616455,,ablation_frvcp,no_shaking
tc1c10s3cf3.xml,10,0.3,30%,0.9,20240528,20240528,5,100,20,20,1,0,0.9,False,False,13.060952130355938,2,100,11600,3300,8300,0,5,0.7173178195953369,45,26,24,136585.98005370438,1017,0.2476853291154839,0.24354506304374032,,ablation_frvcp,no_extended_operators
tc1c10s3cf4.xml,10,0.3,30%,0.9,20240528,20240528,5,100,20,20,1,0,0.9,False,True,11.95603412831059,2,100,40411,12896,27515,192,4,1.9246430397033691,45,26,26,207344.62812445778,1824,0.42739396973047405,0.23431686936977744,,ablation_frvcp,baseline
tc1c10s3cf4.xml,10,0.3,30%,0.9,20240528,20240528,5,100,1000000000,20,1,0,0.9,False,True,11.95603412831059,2,100,40200,12892,27308,36,0,1.7155351638793945,45,26,26,207344.62812445778,1338,0.28794276260305196,0.21520385844772194,,ablation_frvcp,no_shaking
tc1c10s3cf4.xml,10,0.3,30%,0.9,20240528,20240528,5,100,20,20,1,0,0.9,False,False,12.100566812187472,2,100,11608,2585,9023,48,5,0.6474828720092773,45,26,26,207344.62812445778,1046,0.22370713501004502,0.21386915392929734,,ablation_frvcp,no_extended_operators
tc1c10s3ct2.xml,10,0.3,30%,0.9,20240528,20240528,5,100,20,20,1,0,0.9,False,True,8.96796698026522,3,100,40418,23040,17378,870,4,4.11363410949707,45,26,20,126023.40765034949,5667,1.5981783641618676,0.28201488691756976,,ablation_frvcp,baseline
tc1c10s3ct2.xml,10,0.3,30%,0.9,20240528,20240528,5,100,1000000000,20,1,0,0.9,False,True,8.96796698026522,3,100,40952,24392,16560,502,0,3.252608060836792,45,26,20,126023.40765034949,3847,1.061437714844942,0.2759131049765901,,ablation_frvcp,no_shaking
tc1c10s3ct2.xml,10,0.3,30%,0.9,20240528,20240528,5,100,20,20,1,0,0.9,False,False,8.984610072012506,3,100,9902,6509,3393,151,4,1.4349522590637207,45,26,20,126023.40765034949,2588,0.7148447645595297,0.2762151331373762,,ablation_frvcp,no_extended_operators
tc1c10s3ct3.xml,10,0.3,30%,0.9,20240528,20240528,5,100,20,20,1,0,0.9,False,True,12.692910011178366,2,100,40194,18297,21897,306,4,2.2349157333374023,45,26,26,112429.88967174782,2059,0.5323013718007132,0.2585242213699433,,ablation_frvcp,baseline
tc1c10s3ct3.xml,10,0.3,30%,0.9,20240528,20240528,5,100,1000000000,20,1,0,0.9,False,True,12.692910011178366,2,100,40194,18303,21891,118,0,2.1055071353912354,45,26,26,112429.88967174782,1743,0.4522299164091237,0.25945491474992755,,ablation_frvcp,no_shaking
tc1c10s3ct3.xml,10,0.3,30%,0.9,20240528,20240528,5,100,20,20,1,0,0.9,False,False,12.692910011178366,2,100,11576,3486,8090,32,4,0.6170821189880371,45,26,26,112429.88967174782,846,0.22329333511879668,0.2639401124335658,,ablation_frvcp,no_extended_operators
tc1c10s3ct4.xml,10,0.3,30%,0.9,20240528,20240528,5,100,20,20,1,0,0.9,False,True,11.931071433734694,2,100,39739,10356,29383,305,4,1.9652059078216553,45,26,26,208696.887691358,2059,0.4549685853999108,0.2209658015541092,,ablation_frvcp,baseline
tc1c10s3ct4.xml,10,0.3,30%,0.9,20240528,20240528,5,100,1000000000,20,1,0,0.9,False,True,11.931071433734694,2,100,39727,10298,29429,193,0,1.8238270282745361,45,26,26,208696.887691358,1764,0.3889781915349886,0.22050917887471008,,ablation_frvcp,no_shaking
tc1c10s3ct4.xml,10,0.3,30%,0.9,20240528,20240528,5,100,20,20,1,0,0.9,False,False,11.931071433734695,2,100,10464,3062,7402,60,5,0.7801709175109863,45,26,26,208696.887691358,1388,0.31394700217060745,0.22618660098746934,,ablation_frvcp,no_extended_operators
tc2c10s2cf0.xml,10,0.3,30%,0.9,20240528,20240528,5,100,20,20,1,0,0.9,False,True,12.922733928674162,2,100,40365,16269,24096,346,4,2.364596128463745,45,26,24,175048.67633871565,2734,0.4756370402756147,0.17397111934002002,,ablation_frvcp,baseline
tc2c10s2cf0.xml,10,0.3,30%,0.9,20240528,20240528,5,100,1000000000,20,1,0,0.9,False,True,12.922733928674162,2,100,40363,16257,24106,310,0,2.1937899589538574,45,26,24,175048.67633871565,2381,0.40979452047031373,0.17211025639240393,,ablation_frvcp,no_shaking
tc2c10s2cf0.xml,10,0.3,30%,0.9,20240528,20240528,5,100,20,20,1,0,0.9,False,False,12.922733928674162,2,100,11608,5843,5765,46,4,0.9269049167633057,45,26,24,175048.67633871565,1643,0.28343027288792655,0.1725077741253357,,ablation_frvcp,no_extended_operators
tc2c10s2ct0.xml,10,0.3,30%,0.9,20240528,20240528,5,100,20,20,1,0,0.9,False,True,10.924028930312087,2,100,40219,24332,15887,478,4,2.7439303398132324,45,26,24,136111.81218025362,3745,0.8037036010064185,0.21460710307247488,,ablation_frvcp,baseline
tc2c10s2ct0.xml,10,0.3,30%,0.9,20240528,20240528,5,100,1000000000,20,1,0,0.9,False,True,10.924028930312087,2,100,40200,24289,15911,262,0,2.417006254196167,45,26,24,136111.81218025362,2812,0.5948644828167744,0.21154497966457125,,ablation_frvcp,no_shaking
tc2c10s2ct0.xml,10,0.3,30%,0.9,20240528,20240528,5,100,20,20,1,0,0.9,False,False,11.037546398292331,2,100,12006,7969,4037,83,4,1.1211340427398682,45,26,24,136111.81218025362,2268,0.48239461082266644,0.21269603651793054,,ablation_frvcp,no_extended_operators
tc2c10s3cf0.xml,10,0.3,30%,0.9,20240528,20240528,5,100,20,20,1,0,0.9,False,True,12.788632619683927,2,100,40200,21004,19196,88,4,2.0700762271881104,45,26,26,163644.22907813624,2066,0.4024689107318409,0.19480586192247865,,ablation_frvcp,baseline
tc2c10s3cf0.xml,10,0.3,30%,0.9,20240528,20240528,5,100,1000000000,20,1,0,0.9,False,True,12.788632619683927,2,100,40200,21004,19196,88,0,2.006110906600952,45,26,26,163644.22907813624,2003,0.39073409006232396,0.19507443338109035,,ablation_frvcp,no_shaking
tc2c10s3cf0.xml,10,0.3,30%,0.9,20240528,20240528,5,100,20,20,1,0,0.9,False,False,12.788632619683927,2,100,11600,6700,4900,0,5,0.7933518886566162,45,26,26,163644.22907813624,1490,0.2889622774673626,0.1939344144076259,,ablation_frvcp,no_extended_operators
tc2c10s3ct0.xml,10,0.3,30%,0.9,20240528,20240528,5,100,20,20,1,0,0.9,False,True,10.643458192459924,2,100,40206,20374,19832,342,4,3.426193952560425,45,26,26,193876.8083215907,3669,1.466234563908074,0.3996278451643701,,ablation_frvcp,baseline
tc2c10s3ct0.xml,10,0.3,30%,0.9,20240528,20240528,5,100,1000000000,20,1,0,0.9,False,True,10.643458192459924,2,100,40204,20355,19849,146,0,2.84490704536438,45,26,26,193876.8083215907,2676,1.0592992333113216,0.3958517314317345,,ablation_frvcp,no_shaking
tc2c10s3ct0.xml,10,0.3,30%,0.9,20240528,20240528,5,100,20,20,1,0,0.9,False,False,10.643458192459924,2,100,11612,5836,5776,88,4,1.4685430526733398,45,26,26,193876.8083215907,2267,0.8407003105967306,0.3708426601661802,,ablation_frvcp,no_extended_operators
tc0c20s3cf2.xml,20,0.3,30%,0.9,20240528,20240528,5,100,20,20,1,0,0.9,False,True,16.334066684553044,3,100,120000,29246,90754,1234,3,13.92490005493164,190,114,114,820942.8950521378,14581,3.4099011927028187,0.23385921354521766,,ablation_frvcp,baseline
tc0c20s3cf2.xml,20,0.3,30%,0.9,20240528,20240528,5,100,1000000000,20,1,0,0.9,False,True,16.334066684553044,3,100,120000,28924,91076,850,0,13.07924509048462,190,114,114,820942.8950521378,13463,3.126799073885195,0.23225128677747864,,ablation_frvcp,no_shaking
tc0c20s3cf2.xml,20,0.3,30%,0.9,20240528,20240528,5,100,20,20,1,0,0.9,False,False,17.004634932887406,3,100,57944,9649,48295,148,4,8.186649799346924,190,114,114,820942.8950521378,9968,2.349991653871257,0.23575357683299125,,ablation_frvcp,no_extended_operators
tc0c20s3ct2.xml,20,0.3,30%,0.9,20240528,20240528,5,100,20,20,1,0,0.9,False,True,15.85179219078399,3,100,120000,32182,87818,1677,4,14.14166808128357,190,114,114,741834.6465539064,14621,3.6552914883359335,0.25000283758538633,,ablation_frvcp,baseline
tc0c20s3ct2.xml,20,0.3,30%,0.9,20240528,20240528,5,100,1000000000,20,1,0,0.9,False,True,15.85179219078399,3,100,120000,32004,87996,1808,0,13.916908264160156,190,114,114,741834.6465539064,14194,3.494743184710387,0.2462127085184153,,ablation_frvcp,no_shaking
tc0c20s3ct2.xml,20,0.3,30%,0.9,20240528,20240528,5,100,20,20,1,0,0.9,False,False,16.02920945851461,3,100,57252,9373,47879,96,4,6.5094709396362305,190,114,114,741834.6465539064,7889,1.9180545779527165,0.2431302545256327,,ablation_frvcp,no_extended_operators
tc0c20s4cf2.xml,20,0.3,30%,0.9,20240528,20240528,5,100,20,20,1,0,0.9,False,True,16.390468460335185,3,100,120000,22930,97070,996,4,13.484120845794678,190,114,114,823386.7225058521,13284,3.435327136539854,0.2586063788422052,,ablation_frvcp,baseline
tc0c20s4cf2.xml,20,0.3,30%,0.9,20240528,20240528,5,100,1000000000,20,1,0,0.9,False,True,16.390468460335185,3,100,120000,22598,97402,576,0,12.463249921798706,190,114,114,823386.7225058521,11537,2.9890273237251677,0.2590818517574038,,ablation_frvcp,no_shaking
tc0c20s4cf2.xml,20,0.3,30%,0.9,20240528,20240528,5,100,20,20,1,0,0.9,False,False,16.565631137769827,3,100,60068,15026,45042,331,4,7.006565093994141,190,114,114,823386.7225058521,8241,2.1020521987811662,0.2550724667857258,,ablation_frvcp,no_extended_operators
tc0c20s4ct2.xml,20,0.3,30%,0.9,20240528,20240528,5,100,20,20,1,0,0.9,False,True,15.671571548428572,3,100,120000,29119,90881,2154,4,16.831440210342407,190,114,114,737075.0970300089,18289,5.175750721828081,0.2829980163939024,,ablation_frvcp,baseline
tc0c20s4ct2.xml,20,0.3,30%,0.9,20240528,20240528,5,100,1000000000,20,1,0,0.9,False,True,15.753257754066626,3,100,120000,27843,92157,2303,0,13.013553857803345,190,114,114,737075.0970300089,11767,3.3210544888861477,0.2822345958091398,,ablation_frvcp,no_shaking
tc0c20s4ct2.xml,20,0.3,30%,0.9,20240528,20240528,5,100,20,20,1,0,0.9,False,False,15.80142444983886,3,100,58760,13527,45233,170,4,7.379410028457642,190,114,114,737075.0970300089,7817,2.1138882649247535,0.27042193487587995,,ablation_frvcp,no_extended_operators
tc1c20s3cf1.xml,20,0.3,30%,0.9,20240528,20240528,5,100,20,20,1,0,0.9,False,True,14.848118673777591,3,100,120000,46106,73894,2033,4,19.139522075653076,190,114,112,608330.0934181722,21987,6.017404798476491,0.27368012000165964,,ablation_frvcp,baseline
tc1c20s3cf1.xml,20,0.3,30%,0.9,20240528,20240528,5,100,1000000000,20,1,0,0.9,False,True,14.848118673777591,3,100,120000,44190,75810,1740,0,16.52059292793274,190,114,112,608330.0934181722,17429,4.77126655500615,0.2737544641118911,,ablation_frvcp,no_shaking
tc1c20s3cf1.xml,20,0.3,30%,0.9,20240528,20240528,5,100,20,20,1,0,0.9,False,False,15.368846363430665,3,100,57544,18052,39492,192,4,7.82248592376709,190,114,112,608330.0934181722,9187,2.470842642709613,0.2689498903569841,,ablation_frvcp,no_extended_operators
tc1c20s3cf3.xml,20,0.3,30%,0.9,20240528,20240528,5,100,20,20,1,0,0.9,False,True,11.669794371373289,3,100,120000,28398,91602,1368,4,15.970855951309204,190,114,110,659555.1139822198,18091,4.5689787362352945,0.25255534443841104,,ablation_frvcp,baseline
tc1c20s3cf3.xml,20,0.3,30%,0.9,20240528,20240528,5,100,1000000000,20,1,0,0.9,False,True,11.669794371373289,3,100,120000,28245,91755,1572,0,13.919731855392456,190,114,110,659555.1139822198,14485,3.6137304891017266,0.24948087601668806,,ablation_frvcp,no_shaking
tc1c20s3cf3.xml,20,0.3,30%,0.9,20240528,20240528,5,100,20,20,1,0,0.9,False,False,11.91338035122609,3,100,53084,11193,41891,333,4,6.953182220458984,190,114,110,659555.1139822198,8466,2.085732872132212,0.24636580110231654,,ablation_frvcp,no_extended_operators
tc1c20s3cf4.xml,20,0.3,30%,0.9,20240528,20240528,5,100,20,20,1,0,0.9,False,True,15.332326339267532,3,100,120000,41194,78806,2909,4,15.321533203125,190,114,112,719848.7231146516,17486,3.9729491734760813,0.2272074330021778,,ablation_frvcp,baseline
tc1c20s3cf4.xml,20,0.3,30%,0.9,20240528,20240528,5,100,1000000000,20,1,0,0.9,False,True,15.332326339267532,3,100,120000,41127,78873,3885,0,15.477719068527222,190,114,112,719848.7231146516,17798,4.100141676841304,0.23037092239809548,,ablation_frvcp,no_shaking
tc1c20s3cf4.xml,20,0.3,30%,0.9,20240528,20240528,5,100,20,20,1,0,0.9,False,False,15.948965370835982,3,100,57596,13648,43948,172,4,8.236467838287354,190,114,112,719848.7231146516,10543,2.4801147666876204,0.23523805052524144,,ablation_frvcp,no_extended_operators
tc1c20s3ct1.xml,20,0.3,30%,0.9,20240528,20240528,5,100,20,20,1,0,0.9,False,True,13.265695847478403,3,100,120000,48768,71232,2527,4,30.05233597755432,190,114,112,615138.9380368905,31228,12.48756394017255,0.39988356411465825,,ablation_frvcp,baseline
tc1c20s3ct1.xml,20,0.3,30%,0.9,20240528,20240528,5,100,1000000000,20,1,0,0.9,False,True,13.265695847478403,3,100,120000,49201,70799,2362,0,26.02707600593567,190,114,112,615138.9380368905,25489,10.22483474231558,0.4011469552479728,,ablation_frvcp,no_shaking
tc1c20s3ct1.xml,20,0.3,30%,0.9,20240528,20240528,5,100,20,20,1,0,0.9,False,False,14.020528226113354,3,100,59540,27653,31887,432,4,13.826504945755005,190,114,112,615138.9380368905,15115,5.643747573893052,0.3733872030362588,,ablation_frvcp,no_extended_operators
tc1c20s3ct3.xml,20,0.3,30%,0.9,20240528,20240528,5,100,20,20,1,0,0.9,False,True,11.896342369964287,3,100,120000,39019,80981,2233,3,20.73280096054077,190,114,114,709070.0979875725,21715,6.622973175952211,0.30499531088888837,,ablation_frvcp,baseline
tc1c20s3ct3.xml,20,0.3,30%,0.9,20240528,20240528,5,100,1000000000,20,1,0,0.9,False,True,11.941952333009981,3,100,120000,27759,92241,1421,0,16.472151041030884,190,114,114,709070.0979875725,15027,4.467991134210024,0.2973308800299477,,ablation_frvcp,no_shaking
tc1c20s3ct3.xml,20,0.3,30%,0.9,20240528,20240528,5,100,20,20,1,0,0.9,False,False,12.976159760020238,3,100,53076,10332,42744,129,4,7.569794654846191,190,114,114,709070.0979875725,7915,2.3220597782055847,0.29337457715800186,,ablation_frvcp,no_extended_operators
tc1c20s3ct4.xml,20,0.3,30%,0.9,20240528,20240528,5,100,20,20,1,0,0.9,False,True,15.336026729585306,4,100,120000,60688,59312,3803,4,26.81144881248474,190,114,108,690508.5792778423,28105,8.852884050225839,0.3149932058432962,,ablation_frvcp,baseline
tc1c20s3ct4.xml,20,0.3,30%,0.9,20240528,20240528,5,100,1000000000,20,1,0,0.9,False,True,15.336026729585306,4,100,120000,60799,59201,3238,0,24.018927097320557,190,114,108,690508.5792778423,24300,7.53467259183526,0.31006883093972265,,ablation_frvcp,no_shaking
tc1c20s3ct4.xml,20,0.3,30%,0.9,20240528,20240528,5,100,20,20,1,0,0.9,False,False,15.393431371273643,4,100,62296,27504,34792,524,4,12.586587905883789,190,114,108,690508.5792778423,15151,4.272485066670924,0.2819936021827552,,ablation_frvcp,no_extended_operators
tc1c20s4cf1.xml,20,0.3,30%,0.9,20240528,20240528,5,100,20,20,1,0,0.9,False,True,13.91617477858761,3,100,120000,53892,66108,4351,4,25.21995997428894,190,114,110,580650.1768307594,26022,9.167404986335896,0.3522944042093573,,ablation_frvcp,baseline
tc1c20s4cf1.xml,20,0.3,30%,0.9,20240528,20240528,5,100,1000000000,20,1,0,0.9,False,True,13.909378293097964,3,100,120000,53907,66093,4759,0,23.11602783203125,190,114,110,580650.1768307594,23006,8.080297097330913,0.3512256410210777,,ablation_frvcp,no_shaking
tc1c20s4cf1.xml,20,0.3,30%,0.9,20240528,20240528,5,100,20,20,1,0,0.9,False,False,13.916174778587614,3,100,57124,23147,33977,167,4,11.646464109420776,190,114,110,580650.1768307594,12989,4.338841804652475,0.3340397108824756,,ablation_frvcp,no_extended_operators
tc1c20s4cf3.xml,20,0.3,30%,0.9,20240528,20240528,5,100,20,20,1,0,0.9,False,True,11.754780984884473,3,100,120000,34171,85829,1719,4,19.90702509880066,190,114,114,727394.8373767801,20163,6.406166794302408,0.31771893043209876,,ablation_frvcp,baseline
tc1c20s4cf3.xml,20,0.3,30%,0.9,20240528,20240528,5,100,1000000000,20,1,0,0.9,False,True,13.84498810127903,3,100,120000,41047,78953,1651,0,17.25388503074646,190,114,114,727394.8373767801,15571,4.968385729880538,0.3190794252058659,,ablation_frvcp,no_shaking
tc1c20s4cf3.xml,20,0.3,30%,0.9,20240528,20240528,5,100,20,20,1,0,0.9,False,False,14.233556610430893,3,100,56820,17842,38978,196,4,7.4232940673828125,190,114,114,727394.8373767801,7373,2.233513737039175,0.302931471183938,,ablation_frvcp,no_extended_operators
tc1c20s4cf4.xml,20,0.3,30%,0.9,20240528,20240528,5,100,20,20,1,0,0.9,False,True,15.521670157037962,3,100,120000,44798,75202,3864,4,25.68160605430603,190,114,112,668059.050529124,26785,8.00452725798823,0.29884365346231956,,ablation_frvcp,baseline
tc1c20s4cf4.xml,20,0.3,30%,0.9,20240528,20240528,5,100,1000000000,20,1,0,0.9,False,True,15.521670157037962,3,100,120000,44543,75457,3587,0,22.943052053451538,190,114,112,668059.050529124,22957,6.9131805007345974,0.3011360587504725,,ablation_frvcp,no_shaking
tc1c20s4cf4.xml,20,0.3,30%,0.9,20240528,20240528,5,100,20,20,1,0,0.9,False,False,16.1589030400456,3,100,58824,12544,46280,282,4,10.674918174743652,190,114,112,668059.050529124,11184,3.222384796361439,0.28812453472473526,,ablation_frvcp,no_extended_operators
tc1c20s4ct1.xml,20,0.3,30%,0.9,20240528,20240528,5,100,20,20,1,0,0.9,False,True,14.109633320912266,3,100,120000,48851,71149,2019,4,29.215843200683594,190,114,112,636696.5867459964,28464,12.022422200127039,0.42237289910508147,,ablation_frvcp,baseline
tc1c20s4ct1.xml,20,0.3,30%,0.9,20240528,20240528,5,100,1000000000,20,1,0,0.9,False,True,14.109633320912266,3,100,120000,48831,71169,2333,0,26.51295304298401,190,114,112,636696.5867459964,24823,10.514736103184987,0.42358845035591935,,ablation_frvcp,no_shaking
tc1c20s4ct1.xml,20,0.3,30%,0.9,20240528,20240528,5,100,20,20,1,0,0.9,False,False,14.481045487576448,3,100,57728,22454,35274,291,4,12.508145809173584,190,114,112,636696.5867459964,12719,5.3347175172530115,0.4194290052089796,,ablation_frvcp,no_extended_operators
tc1c20s4ct3.xml,20,0.3,30%,0.9,20240528,20240528,5,100,20,20,1,0,0.9,False,True,12.590095679958134,3,100,120000,40867,79133,1989,4,21.08391237258911,190,114,110,623051.089281016,20578,6.903490997443441,0.3354792009643037,,ablation_frvcp,baseline
tc1c20s4ct3.xml,20,0.3,30%,0.9,20240528,20240528,5,100,1000000000,20,1,0,0.9,False,True,13.885081963157177,3,100,120000,42359,77641,2121,0,18.48223376274109,190,114,110,623051.089281016,16815,5.607555568218231,0.33348531479145,,ablation_frvcp,no_shaking
tc1c20s4ct3.xml,20,0.3,30%,0.9,20240528,20240528,5,100,20,20,1,0,0.9,False,False,12.865032832408177,3,100,52872,10539,42333,119,4,7.973521947860718,190,114,110,623051.089281016,8049,2.5428960056742653,0.31592694815185307,,ablation_frvcp,no_extended_operators
tc1c20s4ct4.xml,20,0.3,30%,0.9,20240528,20240528,5,100,20,20,1,0,0.9,False,True,16.22180222573391,4,100,120000,60490,59510,3279,4,28.582980155944824,190,114,114,706647.3246263335,28427,10.08943329565227,0.3549243077233711,,ablation_frvcp,baseline
tc1c20s4ct4.xml,20,0.3,30%,0.9,20240528,20240528,5,100,1000000000,20,1,0,0.9,False,True,16.22180222573391,4,100,120000,60434,59566,3525,0,25.444982767105103,190,114,114,706647.3246263335,24081,8.32433731353376,0.3456807156485927,,ablation_frvcp,no_shaking
tc1c20s4ct4.xml,20,0.3,30%,0.9,20240528,20240528,5,100,20,20,1,0,0.9,False,False,16.739248704466647,4,100,65180,35556,29624,347,4,11.135215997695923,190,114,114,706647.3246263335,11177,3.7674847338348627,0.3370747726433625,,ablation_frvcp,no_extended_operators
tc2c20s3cf0.xml,20,0.3,30%,0.9,20240528,20240528,5,100,20,20,1,0,0.9,False,True,23.582118084276313,4,100,120000,46225,73775,1191,4,17.269368886947632,190,114,112,655249.5845413543,14547,4.360783420619555,0.29977200939159654,,ablation_frvcp,baseline
tc2c20s3cf0.xml,20,0.3,30%,0.9,20240528,20240528,5,100,1000000000,20,1,0,0.9,False,True,23.582118084276313,4,100,120000,46415,73585,1103,0,16.070163011550903,190,114,112,655249.5845413543,12926,3.8347687087371014,0.2966709506991414,,ablation_frvcp,no_shaking
tc2c20s3cf0.xml,20,0.3,30%,0.9,20240528,20240528,5,100,20,20,1,0,0.9,False,False,23.793540953427794,4,100,67524,29010,38514,221,4,9.149442195892334,190,114,112,655249.5845413543,8681,2.5627650901442394,0.2952154233549406,,ablation_frvcp,no_extended_operators
tc2c20s3ct0.xml,20,0.3,30%,0.9,20240528,20240528,5,100,20,20,1,0,0.9,False,True,22.652494552762064,4,100,120000,29718,90282,1005,4,20.43453097343445,190,114,104,680055.1537173339,17991,6.7376002701348625,0.37449837530625657,,ablation_frvcp,baseline
tc2c20s3ct0.xml,20,0.3,30%,0.9,20240528,20240528,5,100,1000000000,20,1,0,0.9,False,True,22.652494552762064,4,100,120000,29395,90605,841,0,19.240088939666748,190,114,104,680055.1537173339,16447,6.100976537738461,0.3709476827225914,,ablation_frvcp,no_shaking
tc2c20s3ct0.xml,20,0.3,30%,0.9,20240528,20240528,5,100,20,20,1,0,0.9,False,False,23.862492069421386,4,100,66824,25466,41358,245,4,10.92145323753357,190,114,104,680055.1537173339,10416,3.8144323930027895,0.36620894710088225,,ablation_frvcp,no_extended_operators
tc2c20s4cf0.xml,20,0.3,30%,0.9,20240528,20240528,5,100,20,20,1,0,0.9,False,True,23.504831689718714,4,100,120000,47263,72737,1069,4,18.645859003067017,190,114,108,646114.6165392924,14364,5.512850378174335,0.3837963226242227,,ablation_frvcp,baseline
tc2c20s4cf0.xml,20,0.3,30%,0.9,20240528,20240528,5,100,1000000000,20,1,0,0.9,False,True,23.504831689718714,4,100,120000,47156,72844,1212,0,17.43648910522461,190,114,108,646114.6165392924,12970,4.906728214700706,0.37831366343104905,,ablation_frvcp,no_shaking
tc2c20s4cf0.xml,20,0.3,30%,0.9,20240528,20240528,5,100,20,20,1,0,0.9,False,False,24.12106867376339,4,100,67136,29377,37759,397,4,11.223599910736084,190,114,108,646114.6165392924,10338,3.8414810994872823,0.3715884213085009,,ablation_frvcp,no_extended_operators
tc2c20s4ct0.xml,20,0.3,30%,0.9,20240528,20240528,5,100,20,20,1,0,0.9,False,True,19.486423964499913,3,100,120000,17990,102010,589,4,21.04743719100952,190,114,112,674844.6955295673,17807,7.473300365032628,0.41968329112330144,,ablation_frvcp,baseline
tc2c20s4ct0.xml,20,0.3,30%,0.9,20240528,20240528,5,100,1000000000,20,1,0,0.9,False,True,19.486423964499913,3,100,120000,17943,102057,643,0,19.625422954559326,190,114,112,674844.6955295673,16065,6.74883040424902,0.42009526325857577,,ablation_frvcp,no_shaking
tc2c20s4ct0.xml,20,0.3,30%,0.9,20240528,20240528,5,100,20,20,1,0,0.9,False,False,21.459120003280773,4,100,63932,16332,47600,355,4,11.324687242507935,190,114,112,674844.6955295673,10502,4.097091723582707,0.3901249022645884,,ablation_frvcp,no_extended_operators
tc0c40s5cf0.xml,40,0.3,30%,0.9,20240528,20240528,5,100,20,20,1,0,0.9,True,True,25.127420971755043,6,100,120000,45926,74074,1206,2,92.21927976608276,780,468,464,3466577.7181997425,55222,21.35992925381288,0.38680108025447973,,ablation_frvcp,baseline
tc0c40s5cf0.xml,40,0.3,30%,0.9,20240528,20240528,5,100,1000000000,20,1,0,0.9,True,True,25.735087837072683,6,100,120000,47273,72727,1194,0,79.8053560256958,780,468,464,3466577.7181997425,46236,17.687537796795368,0.3825490482912745,,ablation_frvcp,no_shaking
tc0c40s5cf0.xml,40,0.3,30%,0.9,20240528,20240528,5,100,20,20,1,0,0.9,False,True,25.23712758305188,6,100,120000,31838,88162,1054,2,101.59737396240234,780,468,464,3466577.7181997425,57152,22.016715515987016,0.3852308845882387,,ablation_frvcp,no_candidate_filtering
tc0c40s5cf0.xml,40,0.3,30%,0.9,20240528,20240528,5,100,20,20,1,0,0.9,True,False,26.948367080413806,6,100,120000,36036,83964,590,3,57.24478888511658,780,468,464,3466577.7181997425,33166,12.319790704001207,0.3714584425013932,,ablation_frvcp,no_extended_operators
tc0c40s5cf0.xml,40,0.3,30%,0.9,20240528,20240528,5,100,20,20,1,0,0.9,False,False,26.894653215198158,6,100,120000,32684,87316,483,3,62.41867113113403,780,468,464,3466577.7181997425,37175,13.859971779515035,0.37283044464061965,,ablation_frvcp,no_filter_no_extended
tc0c40s5cf4.xml,40,0.3,30%,0.9,20240528,20240528,5,100,20,20,1,0,0.9,True,True,25.454376101983478,5,100,120000,25604,94396,1254,2,81.73571014404297,780,468,466,3295922.11780746,49526,19.08195482182782,0.3852916613865005,,ablation_frvcp,baseline
tc0c40s5cf4.xml,40,0.3,30%,0.9,20240528,20240528,5,100,1000000000,20,1,0,0.9,True,True,25.454376101983478,5,100,120000,25448,94552,1255,0,82.2076940536499,780,468,466,3295922.11780746,49513,19.070328653557226,0.385158012109087,,ablation_frvcp,no_shaking
tc0c40s5cf4.xml,40,0.3,30%,0.9,20240528,20240528,5,100,20,20,1,0,0.9,False,True,25.54299291918735,5,100,120000,19496,100504,808,2,91.52774810791016,780,468,466,3295922.11780746,52758,20.311202811135445,0.38498811196662963,,ablation_frvcp,no_candidate_filtering
tc0c40s5cf4.xml,40,0.3,30%,0.9,20240528,20240528,5,100,20,20,1,0,0.9,True,False,26.959354113538353,6,100,120000,26646,93354,469,3,59.761712074279785,780,468,466,3295922.11780746,37763,13.632422062626574,0.3609994455585248,,ablation_frvcp,no_extended_operators
tc0c40s5cf4.xml,40,0.3,30%,0.9,20240528,20240528,5,100,20,20,1,0,0.9,False,False,26.24197404443887,6,100,120000,31135,88865,670,3,74.31896209716797,780,468,466,3295922.11780746,47242,17.623602790408768,0.3730494642565676,,ablation_frvcp,no_filter_no_extended
tc0c40s5ct0.xml,40,0.3,30%,0.9,20240528,20240528,5,100,20,20,1,0,0.9,True,True,24.74777366487941,6,100,120000,53300,66700,1803,3,92.4111270904541,780,468,468,3746136.6877817605,53320,23.089122337289155,0.43302930114945903,,ablation_frvcp,baseline
tc0c40s5ct0.xml,40,0.3,30%,0.9,20240528,20240528,5,100,1000000000,20,1,0,0.9,True,True,24.74777366487941,6,100,120000,53060,66940,1714,0,88.15633797645569,780,468,468,3746136.6877817605,50063,21.968717933050357,0.4388214436420182,,ablation_frvcp,no_shaking
tc0c40s5ct0.xml,40,0.3,30%,0.9,20240528,20240528,5,100,20,20,1,0,0.9,False,True,24.514932839625594,6,100,120000,35280,84720,1084,3,112.81543397903442,780,468,468,3746136.6877817605,63040,27.73314389580628,0.439929313067993,,ablation_frvcp,no_candidate_filtering
tc0c40s5ct0.xml,40,0.3,30%,0.9,20240528,20240528,5,100,20,20,1,0,0.9,True,False,24.980232513600015,6,100,120000,45276,74724,694,3,54.85603308677673,780,468,468,3746136.6877817605,30066,12.405926313891541,0.4126231062958671,,ablation_frvcp,no_extended_operators
tc0c40s5ct0.xml,40,0.3,30%,0.9,20240528,20240528,5,100,20,20,1,0,0.9,False,False,25.799197640254878,6,100,120000,34297,85703,259,3,60.24600338935852,780,468,468,3746136.6877817605,32290,13.759221196989529,0.42611400424247536,,ablation_frvcp,no_filter_no_extended
tc0c40s5ct4.xml,40,0.3,30%,0.9,20240528,20240528,5,100,20,20,1,0,0.9,True,True,25.201342093561635,5,100,120000,25288,94712,1064,3,92.72537302970886,780,468,466,3209267.2765842304,53024,22.379910443909466,0.4220713345637723,,ablation_frvcp,baseline
tc0c40s5ct4.xml,40,0.3,30%,0.9,20240528,20240528,5,100,1000000000,20,1,0,0.9,True,True,25.201342093561635,5,100,120000,26934,93066,1110,0,84.04808688163757,780,468,466,3209267.2765842304,47668,20.209075255319476,0.4239547548736989,,ablation_frvcp,no_shaking
tc0c40s5ct4.xml,40,0.3,30%,0.9,20240528,20240528,5,100,20,20,1,0,0.9,False,True,25.303313044684916,5,100,120000,19257,100743,1128,1,101.4105122089386,780,468,466,3209267.2765842304,55735,23.75351852714084,0.4261867502851142,,ablation_frvcp,no_candidate_filtering
tc0c40s5ct4.xml,40,0.3,30%,0.9,20240528,20240528,5,100,20,20,1,0,0.9,True,False,26.505381747962836,6,100,120000,24081,95919,526,3,69.33375287055969,780,468,466,3209267.2765842304,40901,16.836960365064442,0.4116515577874488,,ablation_frvcp,no_extended_operators
tc0c40s5ct4.xml,40,0.3,30%,0.9,20240528,20240528,5,100,20,20,1,0,0.9,False,False,26.408149158115663,6,100,120000,23280,96720,550,3,66.55604410171509,780,468,466,3209267.2765842304,38196,15.376937567489222,0.40257978760836793,,ablation_frvcp,no_filter_no_extended
tc0c40s8cf0.xml,40,0.3,30%,0.9,20240528,20240528,5,100,20,20,1,0,0.9,True,True,25.55905968546263,6,100,120000,51731,68269,1500,3,2000.6856722831726,780,468,466,3543029.8164769076,50020,30.289064969634637,0.6055390837591891,,ablation_frvcp,baseline
tc0c40s8cf0.xml,40,0.3,30%,0.9,20240528,20240528,5,100,1000000000,20,1,0,0.9,True,True,25.633643045189217,6,100,120000,52257,67743,1284,0,1113.1679408550262,780,468,466,3543029.8164769076,44537,25.85737701243488,0.5805819209294493,,ablation_frvcp,no_shaking
tc0c40s8cf0.xml,40,0.3,30%,0.9,20240528,20240528,5,100,20,20,1,0,0.9,False,True,25.468154853420373,6,100,120000,33756,86244,942,3,2000.980062007904,780,468,466,3543029.8164769076,52697,32.51105414371705,0.6169431683723371,,ablation_frvcp,no_candidate_filtering
tc0c40s8cf0.xml,40,0.3,30%,0.9,20240528,20240528,5,100,20,20,1,0,0.9,True,False,27.17545241150404,6,100,120000,30489,89511,395,3,1029.912612915039,780,468,466,3543029.8164769076,32207,18.53866185975494,0.575609707819882,,ablation_frvcp,no_extended_operators
tc0c40s8cf0.xml,40,0.3,30%,0.9,20240528,20240528,5,100,20,20,1,0,0.9,False,False,26.966258367289345,6,100,120000,26046,93954,289,4,344.33404898643494,780,468,466,3543029.8164769076,32041,18.5830107225338,0.5799759908409163,,ablation_frvcp,no_filter_no_extended
tc0c40s8cf4.xml,40,0.3,30%,0.9,20240528,20240528,5,100,20,20,1,0,0.9,True,True,25.886949175394477,5,100,120000,24097,95903,1144,1,1939.9801421165466,780,468,468,3194836.3522031,47525,27.22109527012799,0.5727742297764964,,ablation_frvcp,baseline
tc0c40s8cf4.xml,40,0.3,30%,0.9,20240528,20240528,5,100,1000000000,20,1,0,0.9,True,True,26.022142309625792,5,100,120000,24239,95761,967,0,81.91712617874146,780,468,468,3194836.3522031,45314,25.319297004956752,0.5587521958987675,,ablation_frvcp,no_shaking
tc0c40s8cf4.xml,40,0.3,30%,0.9,20240528,20240528,5,100,20,20,1,0,0.9,False,True,25.810418007427817,5,100,120000,18744,101256,976,2,1627.281534910202,780,468,468,3194836.3522031,56128,32.96410027687671,0.587302242675255,,ablation_frvcp,no_candidate_filtering
tc0c40s8cf4.xml,40,0.3,30%,0.9,20240528,20240528,5,100,20,20,1,0,0.9,True,False,26.769630534930087,6,100,120000,27992,92008,1034,3,986.1607871055603,780,468,468,3194836.3522031,36306,19.560640484676696,0.5387715662611331,,ablation_frvcp,no_extended_operators
tc0c40s8cf4.xml,40,0.3,30%,0.9,20240528,20240528,5,100,20,20,1,0,0.9,False,False,27.17489521028279,5,100,120000,13659,106341,507,2,978.1206982135773,780,468,468,3194836.3522031,38580,21.175830877036788,0.5488810491715082,,ablation_frvcp,no_filter_no_extended
tc0c40s8ct0.xml,40,0.3,30%,0.9,20240528,20240528,5,100,20,20,1,0,0.9,True,True,22.887767507051166,5,100,120000,29828,90172,1355,3,1038.411836862564,780,468,466,3444145.603789647,46941,28.912459696352016,0.6159319080622913,,ablation_frvcp,baseline
tc0c40s8ct0.xml,40,0.3,30%,0.9,20240528,20240528,5,100,1000000000,20,1,0,0.9,True,True,22.887767507051166,5,100,120000,30125,89875,1080,0,684.2126920223236,780,468,466,3444145.603789647,43974,26.08192410360789,0.5931214832311795,,ablation_frvcp,no_shaking
tc0c40s8ct0.xml,40,0.3,30%,0.9,20240528,20240528,5,100,20,20,1,0,0.9,False,True,23.43561988440806,5,100,120000,18241,101759,816,1,2101.4116661548615,780,468,466,3444145.603789647,56754,35.64824323519133,0.6281186037141229,,ablation_frvcp,no_candidate_filtering
tc0c40s8ct0.xml,40,0.3,30%,0.9,20240528,20240528,5,100,20,20,1,0,0.9,True,False,25.001161047465217,5,100,120000,15087,104913,389,3,56.25683617591858,780,468,466,3444145.603789647,30483,17.491295307467226,0.5738049177399609,,ablation_frvcp,no_extended_operators
tc0c40s8ct0.xml,40,0.3,30%,0.9,20240528,20240528,5,100,20,20,1,0,0.9,False,False,26.12603394269466,6,100,120000,31999,88001,425,3,1094.757199048996,780,468,466,3444145.603789647,27944,15.875103302882053,0.5681041834698702,,ablation_frvcp,no_filter_no_extended
tc0c40s8ct4.xml,40,0.3,30%,0.9,20240528,20240528,5,100,20,20,1,0,0.9,True,True,25.68331849633742,5,100,120000,26049,93951,1488,3,444.7765667438507,780,468,468,3441644.7827803222,53193,31.800648717442527,0.5978352173677464,,ablation_frvcp,baseline
tc0c40s8ct4.xml,40,0.3,30%,0.9,20240528,20240528,5,100,1000000000,20,1,0,0.9,True,True,25.68331849633742,5,100,120000,25475,94525,1210,0,1070.8918058872223,780,468,468,3441644.7827803222,48365,28.64921120350482,0.5923542066267925,,ablation_frvcp,no_shaking
tc0c40s8ct4.xml,40,0.3,30%,0.9,20240528,20240528,5,100,20,20,1,0,0.9,False,True,25.07218165311011,5,100,120000,23883,96117,1096,2,1072.5427691936493,780,468,468,3441644.7827803222,56640,35.25366129889153,0.622416336491729,,ablation_frvcp,no_candidate_filtering
tc0c40s8ct4.xml,40,0.3,30%,0.9,20240528,20240528,5,100,20,20,1,0,0.9,True,False,26.164252815074622,5,100,120000,16224,103776,434,2,1054.989331960678,780,468,468,3441644.7827803222,38350,21.917716896277852,0.5715180416239336,,ablation_frvcp,no_extended_operators
tc0c40s8ct4.xml,40,0.3,30%,0.9,20240528,20240528,5,100,20,20,1,0,0.9,False,False,26.92260054564348,5,100,120000,12343,107657,258,3,431.80025482177734,780,468,468,3441644.7827803222,38232,22.113265526888426,0.5783967756562154,,ablation_frvcp,no_filter_no_extended
tc1c40s5cf1.xml,40,0.3,30%,0.9,20240528,20240528,5,100,20,20,1,0,0.9,True,True,41.144971135240255,7,100,120000,34084,85916,803,3,68.0223228931427,780,468,460,3313758.5072277375,43718,14.081488538940903,0.32209818699256376,,ablation_frvcp,baseline
tc1c40s5cf1.xml,40,0.3,30%,0.9,20240528,20240528,5,100,1000000000,20,1,0,0.9,True,True,41.144971135240255,7,100,120000,34101,85899,901,0,1085.1138150691986,780,468,460,3313758.5072277375,44728,14.470099515689071,0.32351322472923155,,ablation_frvcp,no_shaking
tc1c40s5cf1.xml,40,0.3,30%,0.9,20240528,20240528,5,100,20,20,1,0,0.9,False,True,42.39529531643923,7,100,120000,20994,99006,463,1,75.06173181533813,780,468,460,3313758.5072277375,43208,13.57632370304782,0.31420856561395616,,ablation_frvcp,no_candidate_filtering
tc1c40s5cf1.xml,40,0.3,30%,0.9,20240528,20240528,5,100,20,20,1,0,0.9,True,False,43.833806362513286,8,100,120000,42720,77280,606,2,1093.6468789577484,780,468,460,3313758.5072277375,43653,13.817988988477737,0.3165415661805085,,ablation_frvcp,no_extended_operators
tc1c40s5cf1.xml,40,0.3,30%,0.9,20240528,20240528,5,100,20,20,1,0,0.9,False,False,44.69712762691121,8,100,120000,35349,84651,463,3,1032.4487600326538,780,468,460,3313758.5072277375,37772,12.067957865365315,0.3194948074066853,,ablation_frvcp,no_filter_no_extended
tc1c40s5ct1.xml,40,0.3,30%,0.9,20240528,20240528,5,100,20,20,1,0,0.9,True,True,41.226847522971035,7,100,120000,30948,89052,815,1,71.200355052948,780,468,456,3459512.4484327063,44275,16.653692467720248,0.376142122365223,,ablation_frvcp,baseline
tc1c40s5ct1.xml,40,0.3,30%,0.9,20240528,20240528,5,100,1000000000,20,1,0,0.9,True,True,41.226847522971035,7,100,120000,30787,89213,785,0,72.0535180568695,780,468,456,3459512.4484327063,44143,16.728695212688763,0.3789659790383246,,ablation_frvcp,no_shaking
tc1c40s5ct1.xml,40,0.3,30%,0.9,20240528,20240528,5,100,20,20,1,0,0.9,False,True,42.33377203276897,7,100,120000,25764,94236,524,2,189.43206810951233,780,468,456,3459512.4484327063,45237,17.18707682902459,0.37993405462397134,,ablation_frvcp,no_candidate_filtering
tc1c40s5ct1.xml,40,0.3,30%,0.9,20240528,20240528,5,100,20,20,1,0,0.9,True,False,43.24895924246239,7,100,120000,29806,90194,239,3,1012.2270991802216,780,468,456,3459512.4484327063,37076,13.85539510124363,0.37370253266921,,ablation_frvcp,no_extended_operators
tc1c40s5ct1.xml,40,0.3,30%,0.9,20240528,20240528,5,100,20,20,1,0,0.9,False,False,42.6321807078577,7,100,120000,26048,93952,374,3,1043.5831816196442,780,468,456,3459512.4484327063,39587,14.124007966776844,0.3567839939065058,,ablation_frvcp,no_filter_no_extended
tc1c40s8cf1.xml,40,0.3,30%,0.9,20240528,20240528,5,100,20,20,1,0,0.9,True,True,38.32875142742146,7,100,120000,26109,93891,978,2,77.66460108757019,780,468,456,3505123.281852617,40264,21.592220444523264,0.536266154493425,,ablation_frvcp,baseline
tc1c40s8cf1.xml,40,0.3,30%,0.9,20240528,20240528,5,100,1000000000,20,1,0,0.9,True,True,38.32645306900863,7,100,120000,26127,93873,930,0,996.9983859062195,780,468,456,3505123.281852617,40123,21.921858876768965,0.5463663952538187,,ablation_frvcp,no_shaking
tc1c40s8cf1.xml,40,0.3,30%,0.9,20240528,20240528,5,100,20,20,1,0,0.9,False,True,36.78472955122585,7,100,120000,26310,93690,884,2,508.7561140060425,780,468,456,3505123.281852617,46456,26.170301031379495,0.5633352210990936,,ablation_frvcp,no_candidate_filtering
tc1c40s8cf1.xml,40,0.3,30%,0.9,20240528,20240528,5,100,20,20,1,0,0.9,True,False,37.52368280993751,7,100,120000,26988,93012,701,3,56.056293964385986,780,468,456,3505123.281852617,29567,15.59050815156661,0.5272942182692397,,ablation_frvcp,no_extended_operators
tc1c40s8cf1.xml,40,0.3,30%,0.9,20240528,20240528,5,100,20,20,1,0,0.9,False,False,38.41805510191468,7,100,120000,32883,87117,779,3,975.3033709526062,780,468,456,3505123.281852617,33351,17.811110077425838,0.5340502556872608,,ablation_frvcp,no_filter_no_extended
tc1c40s8ct1.xml,40,0.3,30%,0.9,20240528,20240528,5,100,20,20,1,0,0.9,True,True,36.05781009082053,6,100,120000,23531,96469,849,2,89.64692401885986,780,468,458,3470760.8267158493,46429,27.298477359930985,0.5879617773359536,,ablation_frvcp,baseline
tc1c40s8ct1.xml,40,0.3,30%,0.9,20240528,20240528,5,100,1000000000,20,1,0,0.9,True,True,36.05781009082053,6,100,120000,23563,96437,765,0,83.66849994659424,780,468,458,3470760.8267158493,42624,25.23837651842041,0.5921165662166951,,ablation_frvcp,no_shaking
tc1c40s8ct1.xml,40,0.3,30%,0.9,20240528,20240528,5,100,20,20,1,0,0.9,False,True,36.32177847638231,6,100,120000,23783,96217,878,1,88.2338809967041,780,468,458,3470760.8267158493,41401,24.50209797959542,0.5918238201878075,,ablation_frvcp,no_candidate_filtering
tc1c40s8ct1.xml,40,0.3,30%,0.9,20240528,20240528,5,100,20,20,1,0,0.9,True,False,36.92725816475521,7,100,120000,31068,88932,482,3,68.52071595191956,780,468,458,3470760.8267158493,36931,21.952492989308666,0.5944191326882203,,ablation_frvcp,no_extended_operators
tc1c40s8ct1.xml,40,0.3,30%,0.9,20240528,20240528,5,100,20,20,1,0,0.9,False,False,37.03172969838421,7,100,120000,30225,89775,538,3,67.45396304130554,780,468,458,3470760.8267158493,35214,20.8582843967597,0.5923293121133555,,ablation_frvcp,no_filter_no_extended
tc2c40s5cf2.xml,40,0.3,30%,0.9,20240528,20240528,5,100,20,20,1,0,0.9,True,True,25.788157759429478,6,100,120000,43294,76706,1356,2,73.74335885047913,780,468,450,3425901.7380065345,45187,18.67290439311182,0.41323620495080043,,ablation_frvcp,baseline
tc2c40s5cf2.xml,40,0.3,30%,0.9,20240528,20240528,5,100,1000000000,20,1,0,0.9,True,True,25.788157759429478,6,100,120000,43164,76836,1249,0,68.71966695785522,780,468,450,3425901.7380065345,42298,17.421552646323107,0.41187651062279795,,ablation_frvcp,no_shaking
tc2c40s5cf2.xml,40,0.3,30%,0.9,20240528,20240528,5,100,20,20,1,0,0.9,False,True,24.88349979061359,5,100,120000,19529,100471,687,1,81.9458532333374,780,468,450,3425901.7380065345,49768,20.552637252258137,0.41296892083785036,,ablation_frvcp,no_candidate_filtering
tc2c40s5cf2.xml,40,0.3,30%,0.9,20240528,20240528,5,100,20,20,1,0,0.9,True,False,26.55772969136573,6,100,120000,42548,77452,401,4,46.413389682769775,780,468,450,3425901.7380065345,28782,11.15307009004755,0.38750156660577967,,ablation_frvcp,no_extended_operators
tc2c40s5cf2.xml,40,0.3,30%,0.9,20240528,20240528,5,100,20,20,1,0,0.9,False,False,26.380774001550726,6,100,120000,35189,84811,252,4,47.7793710231781,780,468,450,3425901.7380065345,28830,11.453106809291057,0.3972635036174491,,ablation_frvcp,no_filter_no_extended
tc2c40s5cf3.xml,40,0.3,30%,0.9,20240528,20240528,5,100,20,20,1,0,0.9,True,True,18.60966881922711,5,100,120000,44750,75250,1520,3,100.09767293930054,780,468,448,3567389.3138722396,66215,27.7970551327453,0.41979997180012535,,ablation_frvcp,baseline
tc2c40s5cf3.xml,40,0.3,30%,0.9,20240528,20240528,5,100,1000000000,20,1,0,0.9,True,True,18.64125433190393,5,100,120000,45121,74879,1201,0,83.11381602287292,780,468,448,3567389.3138722396,52937,21.31083563255379,0.4025697646741181,,ablation_frvcp,no_shaking
tc2c40s5cf3.xml,40,0.3,30%,0.9,20240528,20240528,5,100,20,20,1,0,0.9,False,True,18.96476330441842,5,100,120000,30508,89492,1306,2,101.32875275611877,780,468,448,3567389.3138722396,63389,26.338413124380168,0.41550447434697135,,ablation_frvcp,no_candidate_filtering
tc2c40s5cf3.xml,40,0.3,30%,0.9,20240528,20240528,5,100,20,20,1,0,0.9,True,False,20.393970654816833,5,100,120000,28426,91574,226,4,45.64987897872925,780,468,448,3567389.3138722396,30066,10.781171916867606,0.3585835134992219,,ablation_frvcp,no_extended_operators
tc2c40s5cf3.xml,40,0.3,30%,0.9,20240528,20240528,5,100,20,20,1,0,0.9,False,False,20.393970654816837,5,100,120000,23714,96286,363,4,48.291266202926636,780,468,448,3567389.3138722396,29180,11.172125693119597,0.3828692835202055,,ablation_frvcp,no_filter_no_extended
tc2c40s5ct2.xml,40,0.3,30%,0.9,20240528,20240528,5,100,20,20,1,0,0.9,True,True,25.753846471103934,6,100,120000,47940,72060,1524,2,1498.7336120605469,780,468,452,3311938.7297541713,56000,23.082001518108882,0.4121785985376586,,ablation_frvcp,baseline
tc2c40s5ct2.xml,40,0.3,30%,0.9,20240528,20240528,5,100,1000000000,20,1,0,0.9,True,True,25.753846471103934,6,100,120000,48734,71266,1476,0,73.88442492485046,780,468,452,3311938.7297541713,47170,18.56593520042952,0.3935962518640984,,ablation_frvcp,no_shaking
tc2c40s5ct2.xml,40,0.3,30%,0.9,20240528,20240528,5,100,20,20,1,0,0.9,False,True,24.127501286403266,5,100,120000,26063,93937,1117,2,511.82934188842773,780,468,452,3311938.7297541713,49894,19.67339732439723,0.39430387069381545,,ablation_frvcp,no_candidate_filtering
tc2c40s5ct2.xml,40,0.3,30%,0.9,20240528,20240528,5,100,20,20,1,0,0.9,True,False,26.806152216581747,6,100,120000,34218,85782,296,4,1028.5544970035553,780,468,452,3311938.7297541713,29517,10.520592902146745,0.35642487048638904,,ablation_frvcp,no_extended_operators
tc2c40s5ct2.xml,40,0.3,30%,0.9,20240528,20240528,5,100,20,20,1,0,0.9,False,False,26.315105932186352,6,100,120000,36342,83658,560,2,48.4393470287323,780,468,452,3311938.7297541713,31126,11.049445757293142,0.35499086799759505,,ablation_frvcp,no_filter_no_extended
tc2c40s5ct3.xml,40,0.3,30%,0.9,20240528,20240528,5,100,20,20,1,0,0.9,True,True,18.48467688837558,5,100,120000,48772,71228,1537,3,81.2711250782013,780,468,446,3378640.2684821608,50353,23.56919170706533,0.46807919502443407,,ablation_frvcp,baseline
tc2c40s5ct3.xml,40,0.3,30%,0.9,20240528,20240528,5,100,1000000000,20,1,0,0.9,True,True,18.507158624156865,5,100,120000,45084,74916,1379,0,1011.3322887420654,780,468,446,3378640.2684821608,46913,21.439100675459486,0.45699700883464045,,ablation_frvcp,no_shaking
tc2c40s5ct3.xml,40,0.3,30%,0.9,20240528,20240528,5,100,20,20,1,0,0.9,False,True,18.248828464409062,5,100,120000,28375,91625,1094,1,902.3826978206635,780,468,446,3378640.2684821608,63368,30.229491627193056,0.4770466422672809,,ablation_frvcp,no_candidate_filtering
tc2c40s5ct3.xml,40,0.3,30%,0.9,20240528,20240528,5,100,20,20,1,0,0.9,True,False,19.59761595034362,5,100,120000,32088,87912,594,3,43.21504998207092,780,468,446,3378640.2684821608,26813,11.600423447263893,0.4326417576274155,,ablation_frvcp,no_extended_operators
tc2c40s5ct3.xml,40,0.3,30%,0.9,20240528,20240528,5,100,20,20,1,0,0.9,False,False,19.48886382106988,5,100,120000,21971,98029,290,3,45.043535232543945,780,468,446,3378640.2684821608,26781,11.318369705986697,0.42262685134934086,,ablation_frvcp,no_filter_no_extended
tc2c40s8cf2.xml,40,0.3,30%,0.9,20240528,20240528,5,100,20,20,1,0,0.9,True,True,25.688897045412798,6,100,120000,47400,72600,1387,3,1009.6891877651215,780,468,454,3486860.657328052,50524,30.404149683658034,0.6017763772396888,,ablation_frvcp,baseline
tc2c40s8cf2.xml,40,0.3,30%,0.9,20240528,20240528,5,100,1000000000,20,1,0,0.9,True,True,25.688897045412798,6,100,120000,47723,72277,1136,0,1015.1214587688446,780,468,454,3486860.657328052,46621,27.793082809308544,0.5961494350037224,,ablation_frvcp,no_shaking
tc2c40s8cf2.xml,40,0.3,30%,0.9,20240528,20240528,5,100,20,20,1,0,0.9,False,True,25.572421106045077,6,100,120000,35268,84732,1172,2,104.446368932724,780,468,454,3486860.657328052,53787,33.227911464869976,0.6177684471130567,,ablation_frvcp,no_candidate_filtering
tc2c40s8cf2.xml,40,0.3,30%,0.9,20240528,20240528,5,100,20,20,1,0,0.9,True,False,26.683988779316888,6,100,120000,38816,81184,338,4,951.5749251842499,780,468,454,3486860.657328052,22252,12.188322660047561,0.5477405473686663,,ablation_frvcp,no_extended_operators
tc2c40s8cf2.xml,40,0.3,30%,0.9,20240528,20240528,5,100,20,20,1,0,0.9,False,False,26.665500389626796,6,100,120000,33549,86451,182,4,47.5424690246582,780,468,454,3486860.657328052,24068,13.814339375996497,0.5739712222036105,,ablation_frvcp,no_filter_no_extended
tc2c40s8cf3.xml,40,0.3,30%,0.9,20240528,20240528,5,100,20,20,1,0,0.9,True,True,18.623921339032044,5,100,120000,46906,73094,1347,2,129.96334218978882,780,468,448,3682374.6393832,74612,43.711980639607646,0.5858572433336146,,ablation_frvcp,baseline
tc2c40s8cf3.xml,40,0.3,30%,0.9,20240528,20240528,5,100,1000000000,20,1,0,0.9,True,True,18.623921339032044,5,100,120000,47112,72888,1387,0,1386.350328207016,780,468,448,3682374.6393832,65837,38.01800331729464,0.5774564958502764,,ablation_frvcp,no_shaking
tc2c40s8cf3.xml,40,0.3,30%,0.9,20240528,20240528,5,100,20,20,1,0,0.9,False,True,18.979990270168006,5,100,120000,28468,91532,1230,2,2075.8623781204224,780,468,448,3682374.6393832,67521,39.546723349776585,0.5856951666855731,,ablation_frvcp,no_candidate_filtering
tc2c40s8cf3.xml,40,0.3,30%,0.9,20240528,20240528,5,100,20,20,1,0,0.9,True,False,20.30907395463059,5,100,120000,32544,87456,723,3,1493.1457228660583,780,468,448,3682374.6393832,31483,16.866928725037724,0.5357471881662397,,ablation_frvcp,no_extended_operators
tc2c40s8cf3.xml,40,0.3,30%,0.9,20240528,20240528,5,100,20,20,1,0,0.9,False,False,20.266880480618763,5,100,120000,24454,95546,195,4,55.127403020858765,780,468,448,3682374.6393832,30997,16.378328388847876,0.5283843077990733,,ablation_frvcp,no_filter_no_extended
tc2c40s8ct2.xml,40,0.3,30%,0.9,20240528,20240528,5,100,20,20,1,0,0.9,True,True,25.20780422732852,5,100,120000,27098,92902,1256,3,1048.7190477848053,780,468,458,3386817.6463012635,58764,38.00603719177889,0.6467571504965436,,ablation_frvcp,baseline
tc2c40s8ct2.xml,40,0.3,30%,0.9,20240528,20240528,5,100,1000000000,20,1,0,0.9,True,True,25.20780422732852,5,100,120000,27272,92728,1117,0,1051.8139579296112,780,468,458,3386817.6463012635,53372,34.50463886623038,0.6464932711202575,,ablation_frvcp,no_shaking
tc2c40s8ct2.xml,40,0.3,30%,0.9,20240528,20240528,5,100,20,20,1,0,0.9,False,True,25.154966695498977,6,100,120000,33609,86391,1073,3,582.3257472515106,780,468,458,3386817.6463012635,57134,38.37689096858958,0.6716997054046554,,ablation_frvcp,no_candidate_filtering
tc2c40s8ct2.xml,40,0.3,30%,0.9,20240528,20240528,5,100,20,20,1,0,0.9,True,False,26.247501555359253,6,100,120000,38216,81784,481,4,52.186970710754395,780,468,458,3386817.6463012635,26770,16.281898802611977,0.6082143743971601,,ablation_frvcp,no_extended_operators
tc2c40s8ct2.xml,40,0.3,30%,0.9,20240528,20240528,5,100,20,20,1,0,0.9,False,False,26.17616245611846,6,100,120000,31517,88483,301,3,965.7735018730164,780,468,458,3386817.6463012635,30772,19.235123161168303,0.6250852450659139,,ablation_frvcp,no_filter_no_extended
tc2c40s8ct3.xml,40,0.3,30%,0.9,20240528,20240528,5,100,20,20,1,0,0.9,True,True,18.25053564320416,5,100,120000,41778,78222,1336,3,1080.9500141143799,780,468,444,3710872.4126128457,67623,56.50048584374599,0.8355217284614109,,ablation_frvcp,baseline
tc2c40s8ct3.xml,40,0.3,30%,0.9,20240528,20240528,5,100,1000000000,20,1,0,0.9,True,True,18.25053564320416,5,100,120000,42221,77779,1410,0,1148.2503869533539,780,468,444,3710872.4126128457,59596,49.46432171546621,0.8299939881110513,,ablation_frvcp,no_shaking
tc2c40s8ct3.xml,40,0.3,30%,0.9,20240528,20240528,5,100,20,20,1,0,0.9,False,True,18.45912137602046,5,100,120000,32619,87381,1717,2,429.59015417099,780,468,444,3710872.4126128457,61131,50.08585904078791,0.8193201328423861,,ablation_frvcp,no_candidate_filtering
tc2c40s8ct3.xml,40,0.3,30%,0.9,20240528,20240528,5,100,20,20,1,0,0.9,True,False,19.166036785402724,5,100,120000,29580,90420,159,4,953.2687292098999,780,468,444,3710872.4126128457,20974,16.817641854984686,0.8018328337458132,,ablation_frvcp,no_extended_operators
tc2c40s8ct3.xml,40,0.3,30%,0.9,20240528,20240528,5,100,20,20,1,0,0.9,False,False,19.295303743176405,5,100,120000,23413,96587,356,3,56.17078518867493,780,468,444,3710872.4126128457,26307,21.216189157159533,0.8064845538130357,,ablation_frvcp,no_filter_no_extended
