instance,n_customers,placement_seed,instance_selection_seed,coverage,coverage_pct,candidate_pair_count,selected_pair_count,selected_directed_arc_count
tc0c10s2cf1.xml,10,20240528,532076430,0.1,10%,45,4,8
tc0c10s2cf1.xml,10,20240528,532076430,0.2,20%,45,9,18
tc0c10s2cf1.xml,10,20240528,532076430,0.3,30%,45,13,26
tc0c10s2cf1.xml,10,20240529,844331171,0.1,10%,45,4,8
tc0c10s2cf1.xml,10,20240529,844331171,0.2,20%,45,9,18
tc0c10s2cf1.xml,10,20240529,844331171,0.3,30%,45,13,26
tc0c10s2cf1.xml,10,20240530,2885569959,0.1,10%,45,4,8
tc0c10s2cf1.xml,10,20240530,2885569959,0.2,20%,45,9,18
tc0c10s2cf1.xml,10,20240530,2885569959,0.3,30%,45,13,26
tc0c10s2cf1.xml,10,20240531,4122497922,0.1,10%,45,4,8
tc0c10s2cf1.xml,10,20240531,4122497922,0.2,20%,45,9,18
tc0c10s2cf1.xml,10,20240531,4122497922,0.3,30%,45,13,26
tc0c10s2cf1.xml,10,20240532,2808235903,0.1,10%,45,4,8
tc0c10s2cf1.xml,10,20240532,2808235903,0.2,20%,45,9,18
tc0c10s2cf1.xml,10,20240532,2808235903,0.3,30%,45,13,26
tc0c10s2ct1.xml,10,20240528,4011435879,0.1,10%,45,4,8
tc0c10s2ct1.xml,10,20240528,4011435879,0.2,20%,45,9,18
tc0c10s2ct1.xml,10,20240528,4011435879,0.3,30%,45,13,26
tc0c10s2ct1.xml,10,20240529,838928070,0.1,10%,45,4,8
tc0c10s2ct1.xml,10,20240529,838928070,0.2,20%,45,9,18
tc0c10s2ct1.xml,10,20240529,838928070,0.3,30%,45,13,26
tc0c10s2ct1.xml,10,20240530,2708929279,0.1,10%,45,4,8
tc0c10s2ct1.xml,10,20240530,2708929279,0.2,20%,45,9,18
tc0c10s2ct1.xml,10,20240530,2708929279,0.3,30%,45,13,26
tc0c10s2ct1.xml,10,20240531,3997636513,0.1,10%,45,4,8
tc0c10s2ct1.xml,10,20240531,3997636513,0.2,20%,45,9,18
tc0c10s2ct1.xml,10,20240531,3997636513,0.3,30%,45,13,26
tc0c10s2ct1.xml,10,20240532,2109450927,0.1,10%,45,4,8
tc0c10s2ct1.xml,10,20240532,2109450927,0.2,20%,45,9,18
tc0c10s2ct1.xml,10,20240532,2109450927,0.3,30%,45,13,26
tc0c10s3cf1.xml,10,20240528,3789430499,0.1,10%,45,4,8
tc0c10s3cf1.xml,10,20240528,3789430499,0.2,20%,45,9,18
tc0c10s3cf1.xml,10,20240528,3789430499,0.3,30%,45,13,26
tc0c10s3cf1.xml,10,20240529,1642624843,0.1,10%,45,4,8
tc0c10s3cf1.xml,10,20240529,1642624843,0.2,20%,45,9,18
tc0c10s3cf1.xml,10,20240529,1642624843,0.3,30%,45,13,26
tc0c10s3cf1.xml,10,20240530,596332398,0.1,10%,45,4,8
tc0c10s3cf1.xml,10,20240530,596332398,0.2,20%,45,9,18
tc0c10s3cf1.xml,10,20240530,596332398,0.3,30%,45,13,26
tc0c10s3cf1.xml,10,20240531,2893317847,0.1,10%,45,4,8
tc0c10s3cf1.xml,10,20240531,2893317847,0.2,20%,45,9,18
tc0c10s3cf1.xml,10,20240531,2893317847,0.3,30%,45,13,26
tc0c10s3cf1.xml,10,20240532,976309601,0.1,10%,45,4,8
tc0c10s3cf1.xml,10,20240532,976309601,0.2,20%,45,9,18
tc0c10s3cf1.xml,10,20240532,976309601,0.3,30%,45,13,26
tc0c10s3ct1.xml,10,20240528,953701001,0.1,10%,45,4,8
tc0c10s3ct1.xml,10,20240528,953701001,0.2,20%,45,9,18
tc0c10s3ct1.xml,10,20240528,953701001,0.3,30%,45,13,26
tc0c10s3ct1.xml,10,20240529,2486434573,0.1,10%,45,4,8
tc0c10s3ct1.xml,10,20240529,2486434573,0.2,20%,45,9,18
tc0c10s3ct1.xml,10,20240529,2486434573,0.3,30%,45,13,26
tc0c10s3ct1.xml,10,20240530,1601587945,0.1,10%,45,4,8
tc0c10s3ct1.xml,10,20240530,1601587945,0.2,20%,45,9,18
tc0c10s3ct1.xml,10,20240530,1601587945,0.3,30%,45,13,26
tc0c10s3ct1.xml,10,20240531,1642961426,0.1,10%,45,4,8
tc0c10s3ct1.xml,10,20240531,1642961426,0.2,20%,45,9,18
tc0c10s3ct1.xml,10,20240531,1642961426,0.3,30%,45,13,26
tc0c10s3ct1.xml,10,20240532,4175178246,0.1,10%,45,4,8
tc0c10s3ct1.xml,10,20240532,4175178246,0.2,20%,45,9,18
tc0c10s3ct1.xml,10,20240532,4175178246,0.3,30%,45,13,26
tc1c10s2cf2.xml,10,20240528,323567499,0.1,10%,45,4,8
tc1c10s2cf2.xml,10,20240528,323567499,0.2,20%,45,9,18
tc1c10s2cf2.xml,10,20240528,323567499,0.3,30%,45,13,26
tc1c10s2cf2.xml,10,20240529,1997444259,0.1,10%,45,4,8
tc1c10s2cf2.xml,10,20240529,1997444259,0.2,20%,45,9,18
tc1c10s2cf2.xml,10,20240529,1997444259,0.3,30%,45,13,26
tc1c10s2cf2.xml,10,20240530,528910090,0.1,10%,45,4,8
tc1c10s2cf2.xml,10,20240530,528910090,0.2,20%,45,9,18
tc1c10s2cf2.xml,10,20240530,528910090,0.3,30%,45,13,26
tc1c10s2cf2.xml,10,20240531,2519905741,0.1,10%,45,4,8
tc1c10s2cf2.xml,10,20240531,2519905741,0.2,20%,45,9,18
tc1c10s2cf2.xml,10,20240531,2519905741,0.3,30%,45,13,26
tc1c10s2cf2.xml,10,20240532,4114847411,0.1,10%,45,4,8
tc1c10s2cf2.xml,10,20240532,4114847411,0.2,20%,45,9,18
tc1c10s2cf2.xml,10,20240532,4114847411,0.3,30%,45,13,26
tc1c10s2cf3.xml,10,20240528,1937610302,0.1,10%,45,4,8
tc1c10s2cf3.xml,10,20240528,1937610302,0.2,20%,45,9,18
tc1c10s2cf3.xml,10,20240528,1937610302,0.3,30%,45,13,26
tc1c10s2cf3.xml,10,20240529,4267746336,0.1,10%,45,4,8
tc1c10s2cf3.xml,10,20240529,4267746336,0.2,20%,45,9,18
tc1c10s2cf3.xml,10,20240529,4267746336,0.3,30%,45,13,26
tc1c10s2cf3.xml,10,20240530,4051017524,0.1,10%,45,4,8
tc1c10s2cf3.xml,10,20240530,4051017524,0.2,20%,45,9,18
tc1c10s2cf3.xml,10,20240530,4051017524,0.3,30%,45,13,26
tc1c10s2cf3.xml,10,20240531,3121866245,0.1,10%,45,4,8
tc1c10s2cf3.xml,10,20240531,3121866245,0.2,20%,45,9,18
tc1c10s2cf3.xml,10,20240531,3121866245,0.3,30%,45,13,26
tc1c10s2cf3.xml,10,20240532,2340535169,0.1,10%,45,4,8
tc1c10s2cf3.xml,10,20240532,2340535169,0.2,20%,45,9,18
tc1c10s2cf3.xml,10,20240532,2340535169,0.3,30%,45,13,26
tc1c10s2cf4.xml,10,20240528,1209569778,0.1,10%,45,4,8
tc1c10s2cf4.xml,10,20240528,1209569778,0.2,20%,45,9,18
tc1c10s2cf4.xml,10,20240528,1209569778,0.3,30%,45,13,26
tc1c10s2cf4.xml,10,20240529,1192191124,0.1,10%,45,4,8
tc1c10s2cf4.xml,10,20240529,1192191124,0.2,20%,45,9,18
tc1c10s2cf4.xml,10,20240529,1192191124,0.3,30%,45,13,26
tc1c10s2cf4.xml,10,20240530,4103615409,0.1,10%,45,4,8
tc1c10s2cf4.xml,10,20240530,4103615409,0.2,20%,45,9,18
tc1c10s2cf4.xml,10,20240530,4103615409,0.3,30%,45,13,26
tc1c10s2cf4.xml,10,20240531,2338872295,0.1,10%,45,4,8
tc1c10s2cf4.xml,10,20240531,2338872295,0.2,20%,45,9,18
tc1c10s2cf4.xml,10,20240531,2338872295,0.3,30%,45,13,26
tc1c10s2cf4.xml,10,20240532,646448735,0.1,10%,45,4,8
tc1c10s2cf4.xml,10,20240532,646448735,0.2,20%,45,9,18
tc1c10s2cf4.xml,10,20240532,646448735,0.3,30%,45,13,26
tc1c10s2ct2.xml,10,20240528,3911388442,0.1,10%,45,4,8
tc1c10s2ct2.xml,10,20240528,3911388442,0.2,20%,45,9,18
tc1c10s2ct2.xml,10,20240528,3911388442,0.3,30%,45,13,26
tc1c10s2ct2.xml,10,20240529,3452782239,0.1,10%,45,4,8
tc1c10s2ct2.xml,10,20240529,3452782239,0.2,20%,45,9,18
tc1c10s2ct2.xml,10,20240529,3452782239,0.3,30%,45,13,26
tc1c10s2ct2.xml,10,20240530,3409344733,0.1,10%,45,4,8
tc1c10s2ct2.xml,10,20240530,3409344733,0.2,20%,45,9,18
tc1c10s2ct2.xml,10,20240530,3409344733,0.3,30%,45,13,26
tc1c10s2ct2.xml,10,20240531,3730668998,0.1,10%,45,4,8
tc1c10s2ct2.xml,10,20240531,3730668998,0.2,20%,45,9,18
tc1c10s2ct2.xml,10,20240531,3730668998,0.3,30%,45,13,26
tc1c10s2ct2.xml,10,20240532,2395142400,0.1,10%,45,4,8
tc1c10s2ct2.xml,10,20240532,2395142400,0.2,20%,45,9,18
tc1c10s2ct2.xml,10,20240532,2395142400,0.3,30%,45,13,26
tc1c10s2ct3.xml,10,20240528,2506541095,0.1,10%,45,4,8
tc1c10s2ct3.xml,10,20240528,2506541095,0.2,20%,45,9,18
tc1c10s2ct3.xml,10,20240528,2506541095,0.3,30%,45,13,26
tc1c10s2ct3.xml,10,20240529,2828689251,0.1,10%,45,4,8
tc1c10s2ct3.xml,10,20240529,2828689251,0.2,20%,45,9,18
tc1c10s2ct3.xml,10,20240529,2828689251,0.3,30%,45,13,26
tc1c10s2ct3.xml,10,20240530,2347272919,0.1,10%,45,4,8
tc1c10s2ct3.xml,10,20240530,2347272919,0.2,20%,45,9,18
tc1c10s2ct3.xml,10,20240530,2347272919,0.3,30%,45,13,26
tc1c10s2ct3.xml,10,20240531,2434202999,0.1,10%,45,4,8
tc1c10s2ct3.xml,10,20240531,2434202999,0.2,20%,45,9,18
tc1c10s2ct3.xml,10,20240531,2434202999,0.3,30%,45,13,26
tc1c10s2ct3.xml,10,20240532,4226598433,0.1,10%,45,4,8
tc1c10s2ct3.xml,10,20240532,4226598433,0.2,20%,45,9,18
tc1c10s2ct3.xml,10,20240532,4226598433,0.3,30%,45,13,26
tc1c10s2ct4.xml,10,20240528,3467912991,0.1,10%,45,4,8
tc1c10s2ct4.xml,10,20240528,3467912991,0.2,20%,45,9,18
tc1c10s2ct4.xml,10,20240528,3467912991,0.3,30%,45,13,26
tc1c10s2ct4.xml,10,20240529,2576635263,0.1,10%,45,4,8
tc1c10s2ct4.xml,10,20240529,2576635263,0.2,20%,45,9,18
tc1c10s2ct4.xml,10,20240529,2576635263,0.3,30%,45,13,26
tc1c10s2ct4.xml,10,20240530,340446849,0.1,10%,45,4,8
tc1c10s2ct4.xml,10,20240530,340446849,0.2,20%,45,9,18
tc1c10s2ct4.xml,10,20240530,340446849,0.3,30%,45,13,26
tc1c10s2ct4.xml,10,20240531,4200530134,0.1,10%,45,4,8
tc1c10s2ct4.xml,10,20240531,4200530134,0.2,20%,45,9,18
tc1c10s2ct4.xml,10,20240531,4200530134,0.3,30%,45,13,26
tc1c10s2ct4.xml,10,20240532,520973041,0.1,10%,45,4,8
tc1c10s2ct4.xml,10,20240532,520973041,0.2,20%,45,9,18
tc1c10s2ct4.xml,10,20240532,520973041,0.3,30%,45,13,26
tc1c10s3cf2.xml,10,20240528,3407309256,0.1,10%,45,4,8
tc1c10s3cf2.xml,10,20240528,3407309256,0.2,20%,45,9,18
tc1c10s3cf2.xml,10,20240528,3407309256,0.3,30%,45,13,26
tc1c10s3cf2.xml,10,20240529,1630924629,0.1,10%,45,4,8
tc1c10s3cf2.xml,10,20240529,1630924629,0.2,20%,45,9,18
tc1c10s3cf2.xml,10,20240529,1630924629,0.3,30%,45,13,26
tc1c10s3cf2.xml,10,20240530,3835723922,0.1,10%,45,4,8
tc1c10s3cf2.xml,10,20240530,3835723922,0.2,20%,45,9,18
tc1c10s3cf2.xml,10,20240530,3835723922,0.3,30%,45,13,26
tc1c10s3cf2.xml,10,20240531,81181766,0.1,10%,45,4,8
tc1c10s3cf2.xml,10,20240531,81181766,0.2,20%,45,9,18
tc1c10s3cf2.xml,10,20240531,81181766,0.3,30%,45,13,26
tc1c10s3cf2.xml,10,20240532,3662882829,0.1,10%,45,4,8
tc1c10s3cf2.xml,10,20240532,3662882829,0.2,20%,45,9,18
tc1c10s3cf2.xml,10,20240532,3662882829,0.3,30%,45,13,26
tc1c10s3cf3.xml,10,20240528,626522622,0.1,10%,45,4,8
tc1c10s3cf3.xml,10,20240528,626522622,0.2,20%,45,9,18
tc1c10s3cf3.xml,10,20240528,626522622,0.3,30%,45,13,26
tc1c10s3cf3.xml,10,20240529,3263936626,0.1,10%,45,4,8
tc1c10s3cf3.xml,10,20240529,3263936626,0.2,20%,45,9,18
tc1c10s3cf3.xml,10,20240529,3263936626,0.3,30%,45,13,26
tc1c10s3cf3.xml,10,20240530,107650932,0.1,10%,45,4,8
tc1c10s3cf3.xml,10,20240530,107650932,0.2,20%,45,9,18
tc1c10s3cf3.xml,10,20240530,107650932,0.3,30%,45,13,26
tc1c10s3cf3.xml,10,20240531,1992298605,0.1,10%,45,4,8
tc1c10s3cf3.xml,10,20240531,1992298605,0.2,20%,45,9,18
tc1c10s3cf3.xml,10,20240531,1992298605,0.3,30%,45,13,26
tc1c10s3cf3.xml,10,20240532,537208086,0.1,10%,45,4,8
tc1c10s3cf3.xml,10,20240532,537208086,0.2,20%,45,9,18
tc1c10s3cf3.xml,10,20240532,537208086,0.3,30%,45,13,26
tc1c10s3cf4.xml,10,20240528,157748167,0.1,10%,45,4,8
tc1c10s3cf4.xml,10,20240528,157748167,0.2,20%,45,9,18
tc1c10s3cf4.xml,10,20240528,157748167,0.3,30%,45,13,26
tc1c10s3cf4.xml,10,20240529,1303979687,0.1,10%,45,4,8
tc1c10s3cf4.xml,10,20240529,1303979687,0.2,20%,45,9,18
tc1c10s3cf4.xml,10,20240529,1303979687,0.3,30%,45,13,26
tc1c10s3cf4.xml,10,20240530,1359367940,0.1,10%,45,4,8
tc1c10s3cf4.xml,10,20240530,1359367940,0.2,20%,45,9,18
tc1c10s3cf4.xml,10,20240530,1359367940,0.3,30%,45,13,26
tc1c10s3cf4.xml,10,20240531,2532291247,0.1,10%,45,4,8
tc1c10s3cf4.xml,10,20240531,2532291247,0.2,20%,45,9,18
tc1c10s3cf4.xml,10,20240531,2532291247,0.3,30%,45,13,26
tc1c10s3cf4.xml,10,20240532,130079855,0.1,10%,45,4,8
tc1c10s3cf4.xml,10,20240532,130079855,0.2,20%,45,9,18
tc1c10s3cf4.xml,10,20240532,130079855,0.3,30%,45,13,26
tc1c10s3ct2.xml,10,20240528,4271385994,0.1,10%,45,4,8
tc1c10s3ct2.xml,10,20240528,4271385994,0.2,20%,45,9,18
tc1c10s3ct2.xml,10,20240528,4271385994,0.3,30%,45,13,26
tc1c10s3ct2.xml,10,20240529,3178397582,0.1,10%,45,4,8
tc1c10s3ct2.xml,10,20240529,3178397582,0.2,20%,45,9,18
tc1c10s3ct2.xml,10,20240529,3178397582,0.3,30%,45,13,26
tc1c10s3ct2.xml,10,20240530,490545569,0.1,10%,45,4,8
tc1c10s3ct2.xml,10,20240530,490545569,0.2,20%,45,9,18
tc1c10s3ct2.xml,10,20240530,490545569,0.3,30%,45,13,26
tc1c10s3ct2.xml,10,20240531,3925372811,0.1,10%,45,4,8
tc1c10s3ct2.xml,10,20240531,3925372811,0.2,20%,45,9,18
tc1c10s3ct2.xml,10,20240531,3925372811,0.3,30%,45,13,26
tc1c10s3ct2.xml,10,20240532,1951407152,0.1,10%,45,4,8
tc1c10s3ct2.xml,10,20240532,1951407152,0.2,20%,45,9,18
tc1c10s3ct2.xml,10,20240532,1951407152,0.3,30%,45,13,26
tc1c10s3ct3.xml,10,20240528,3432066286,0.1,10%,45,4,8
tc1c10s3ct3.xml,10,20240528,3432066286,0.2,20%,45,9,18
tc1c10s3ct3.xml,10,20240528,3432066286,0.3,30%,45,13,26
tc1c10s3ct3.xml,10,20240529,1506670598,0.1,10%,45,4,8
tc1c10s3ct3.xml,10,20240529,1506670598,0.2,20%,45,9,18
tc1c10s3ct3.xml,10,20240529,1506670598,0.3,30%,45,13,26
tc1c10s3ct3.xml,10,20240530,3640491794,0.1,10%,45,4,8
tc1c10s3ct3.xml,10,20240530,3640491794,0.2,20%,45,9,18
tc1c10s3ct3.xml,10,20240530,3640491794,0.3,30%,45,13,26
tc1c10s3ct3.xml,10,20240531,4125494667,0.1,10%,45,4,8
tc1c10s3ct3.xml,10,20240531,4125494667,0.2,20%,45,9,18
tc1c10s3ct3.xml,10,20240531,4125494667,0.3,30%,45,13,26
tc1c10s3ct3.xml,10,20240532,1121601107,0.1,10%,45,4,8
tc1c10s3ct3.xml,10,20240532,1121601107,0.2,20%,45,9,18
tc1c10s3ct3.xml,10,20240532,1121601107,0.3,30%,45,13,26
tc1c10s3ct4.xml,10,20240528,2665061122,0.1,10%,45,4,8
tc1c10s3ct4.xml,10,20240528,2665061122,0.2,20%,45,9,18
tc1c10s3ct4.xml,10,20240528,2665061122,0.3,30%,45,13,26
tc1c10s3ct4.xml,10,20240529,4283286166,0.1,10%,45,4,8
tc1c10s3ct4.xml,10,20240529,4283286166,0.2,20%,45,9,18
tc1c10s3ct4.xml,10,20240529,4283286166,0.3,30%,45,13,26
tc1c10s3ct4.xml,10,20240530,3906891969,0.1,10%,45,4,8
tc1c10s3ct4.xml,10,20240530,3906891969,0.2,20%,45,9,18
tc1c10s3ct4.xml,10,20240530,3906891969,0.3,30%,45,13,26
tc1c10s3ct4.xml,10,20240531,2858229586,0.1,10%,45,4,8
tc1c10s3ct4.xml,10,20240531,2858229586,0.2,20%,45,9,18
tc1c10s3ct4.xml,10,20240531,2858229586,0.3,30%,45,13,26
tc1c10s3ct4.xml,10,20240532,1555448660,0.1,10%,45,4,8
tc1c10s3ct4.xml,10,20240532,1555448660,0.2,20%,45,9,18
tc1c10s3ct4.xml,10,20240532,1555448660,0.3,30%,45,13,26
tc2c10s2cf0.xml,10,20240528,4138485407,0.1,10%,45,4,8
tc2c10s2cf0.xml,10,20240528,4138485407,0.2,20%,45,9,18
tc2c10s2cf0.xml,10,20240528,4138485407,0.3,30%,45,13,26
tc2c10s2cf0.xml,10,20240529,1065980867,0.1,10%,45,4,8
tc2c10s2cf0.xml,10,20240529,1065980867,0.2,20%,45,9,18
tc2c10s2cf0.xml,10,20240529,1065980867,0.3,30%,45,13,26
tc2c10s2cf0.xml,10,20240530,100104079,0.1,10%,45,4,8
tc2c10s2cf0.xml,10,20240530,100104079,0.2,20%,45,9,18
tc2c10s2cf0.xml,10,20240530,100104079,0.3,30%,45,13,26
tc2c10s2cf0.xml,10,20240531,802645487,0.1,10%,45,4,8
tc2c10s2cf0.xml,10,20240531,802645487,0.2,20%,45,9,18
tc2c10s2cf0.xml,10,20240531,802645487,0.3,30%,45,13,26
tc2c10s2cf0.xml,10,20240532,1191415155,0.1,10%,45,4,8
tc2c10s2cf0.xml,10,20240532,1191415155,0.2,20%,45,9,18
tc2c10s2cf0.xml,10,20240532,1191415155,0.3,30%,45,13,26
tc2c10s2ct0.xml,10,20240528,946873547,0.1,10%,45,4,8
tc2c10s2ct0.xml,10,20240528,946873547,0.2,20%,45,9,18
tc2c10s2ct0.xml,10,20240528,946873547,0.3,30%,45,13,26
tc2c10s2ct0.xml,10,20240529,839858025,0.1,10%,45,4,8
tc2c10s2ct0.xml,10,20240529,839858025,0.2,20%,45,9,18
tc2c10s2ct0.xml,10,20240529,839858025,0.3,30%,45,13,26
tc2c10s2ct0.xml,10,20240530,248516335,0.1,10%,45,4,8
tc2c10s2ct0.xml,10,20240530,248516335,0.2,20%,45,9,18
tc2c10s2ct0.xml,10,20240530,248516335,0.3,30%,45,13,26
tc2c10s2ct0.xml,10,20240531,3571923983,0.1,10%,45,4,8
tc2c10s2ct0.xml,10,20240531,3571923983,0.2,20%,45,9,18
tc2c10s2ct0.xml,10,20240531,3571923983,0.3,30%,45,13,26
tc2c10s2ct0.xml,10,20240532,1861241409,0.1,10%,45,4,8
tc2c10s2ct0.xml,10,20240532,1861241409,0.2,20%,45,9,18
tc2c10s2ct0.xml,10,20240532,1861241409,0.3,30%,45,13,26
tc2c10s3cf0.xml,10,20240528,1343402274,0.1,10%,45,4,8
tc2c10s3cf0.xml,10,20240528,1343402274,0.2,20%,45,9,18
tc2c10s3cf0.xml,10,20240528,1343402274,0.3,30%,45,13,26
tc2c10s3cf0.xml,10,20240529,797798423,0.1,10%,45,4,8
tc2c10s3cf0.xml,10,20240529,797798423,0.2,20%,45,9,18
tc2c10s3cf0.xml,10,20240529,797798423,0.3,30%,45,13,26
tc2c10s3cf0.xml,10,20240530,795807654,0.1,10%,45,4,8
tc2c10s3cf0.xml,10,20240530,795807654,0.2,20%,45,9,18
tc2c10s3cf0.xml,10,20240530,795807654,0.3,30%,45,13,26
tc2c10s3cf0.xml,10,20240531,3187840990,0.1,10%,45,4,8
tc2c10s3cf0.xml,10,20240531,3187840990,0.2,20%,45,9,18
tc2c10s3cf0.xml,10,20240531,3187840990,0.3,30%,45,13,26
tc2c10s3cf0.xml,10,20240532,946355770,0.1,10%,45,4,8
tc2c10s3cf0.xml,10,20240532,946355770,0.2,20%,45,9,18
tc2c10s3cf0.xml,10,20240532,946355770,0.3,30%,45,13,26
tc2c10s3ct0.xml,10,20240528,4089234616,0.1,10%,45,4,8
tc2c10s3ct0.xml,10,20240528,4089234616,0.2,20%,45,9,18
tc2c10s3ct0.xml,10,20240528,4089234616,0.3,30%,45,13,26
tc2c10s3ct0.xml,10,20240529,1301080313,0.1,10%,45,4,8
tc2c10s3ct0.xml,10,20240529,1301080313,0.2,20%,45,9,18
tc2c10s3ct0.xml,10,20240529,1301080313,0.3,30%,45,13,26
tc2c10s3ct0.xml,10,20240530,1780799719,0.1,10%,45,4,8
tc2c10s3ct0.xml,10,20240530,1780799719,0.2,20%,45,9,18
tc2c10s3ct0.xml,10,20240530,1780799719,0.3,30%,45,13,26
tc2c10s3ct0.xml,10,20240531,3341803092,0.1,10%,45,4,8
tc2c10s3ct0.xml,10,20240531,3341803092,0.2,20%,45,9,18
tc2c10s3ct0.xml,10,20240531,3341803092,0.3,30%,45,13,26
tc2c10s3ct0.xml,10,20240532,3832338846,0.1,10%,45,4,8
tc2c10s3ct0.xml,10,20240532,3832338846,0.2,20%,45,9,18
tc2c10s3ct0.xml,10,20240532,3832338846,0.3,30%,45,13,26
tc0c20s3cf2.xml,20,20240528,1495502242,0.1,10%,190,19,38
tc0c20s3cf2.xml,20,20240528,1495502242,0.2,20%,190,38,76
tc0c20s3cf2.xml,20,20240528,1495502242,0.3,30%,190,57,114
tc0c20s3cf2.xml,20,20240529,2925209257,0.1,10%,190,19,38
tc0c20s3cf2.xml,20,20240529,2925209257,0.2,20%,190,38,76
tc0c20s3cf2.xml,20,20240529,2925209257,0.3,30%,190,57,114
tc0c20s3cf2.xml,20,20240530,3602661121,0.1,10%,190,19,38
tc0c20s3cf2.xml,20,20240530,3602661121,0.2,20%,190,38,76
tc0c20s3cf2.xml,20,20240530,3602661121,0.3,30%,190,57,114
tc0c20s3cf2.xml,20,20240531,3393672661,0.1,10%,190,19,38
tc0c20s3cf2.xml,20,20240531,3393672661,0.2,20%,190,38,76
tc0c20s3cf2.xml,20,20240531,3393672661,0.3,30%,190,57,114
tc0c20s3cf2.xml,20,20240532,2205802226,0.1,10%,190,19,38
tc0c20s3cf2.xml,20,20240532,2205802226,0.2,20%,190,38,76
tc0c20s3cf2.xml,20,20240532,2205802226,0.3,30%,190,57,114
tc0c20s3ct2.xml,20,20240528,1028519061,0.1,10%,190,19,38
tc0c20s3ct2.xml,20,20240528,1028519061,0.2,20%,190,38,76
tc0c20s3ct2.xml,20,20240528,1028519061,0.3,30%,190,57,114
tc0c20s3ct2.xml,20,20240529,2473777737,0.1,10%,190,19,38
tc0c20s3ct2.xml,20,20240529,2473777737,0.2,20%,190,38,76
tc0c20s3ct2.xml,20,20240529,2473777737,0.3,30%,190,57,114
tc0c20s3ct2.xml,20,20240530,74212676,0.1,10%,190,19,38
tc0c20s3ct2.xml,20,20240530,74212676,0.2,20%,190,38,76
tc0c20s3ct2.xml,20,20240530,74212676,0.3,30%,190,57,114
tc0c20s3ct2.xml,20,20240531,3174727468,0.1,10%,190,19,38
tc0c20s3ct2.xml,20,20240531,3174727468,0.2,20%,190,38,76
tc0c20s3ct2.xml,20,20240531,3174727468,0.3,30%,190,57,114
tc0c20s3ct2.xml,20,20240532,2566780214,0.1,10%,190,19,38
tc0c20s3ct2.xml,20,20240532,2566780214,0.2,20%,190,38,76
tc0c20s3ct2.xml,20,20240532,2566780214,0.3,30%,190,57,114
tc0c20s4cf2.xml,20,20240528,1428060637,0.1,10%,190,19,38
tc0c20s4cf2.xml,20,20240528,1428060637,0.2,20%,190,38,76
tc0c20s4cf2.xml,20,20240528,1428060637,0.3,30%,190,57,114
tc0c20s4cf2.xml,20,20240529,298243166,0.1,10%,190,19,38
tc0c20s4cf2.xml,20,20240529,298243166,0.2,20%,190,38,76
tc0c20s4cf2.xml,20,20240529,298243166,0.3,30%,190,57,114
tc0c20s4cf2.xml,20,20240530,1764376241,0.1,10%,190,19,38
tc0c20s4cf2.xml,20,20240530,1764376241,0.2,20%,190,38,76
tc0c20s4cf2.xml,20,20240530,1764376241,0.3,30%,190,57,114
tc0c20s4cf2.xml,20,20240531,2318169389,0.1,10%,190,19,38
tc0c20s4cf2.xml,20,20240531,2318169389,0.2,20%,190,38,76
tc0c20s4cf2.xml,20,20240531,2318169389,0.3,30%,190,57,114
tc0c20s4cf2.xml,20,20240532,869658904,0.1,10%,190,19,38
tc0c20s4cf2.xml,20,20240532,869658904,0.2,20%,190,38,76
tc0c20s4cf2.xml,20,20240532,869658904,0.3,30%,190,57,114
tc0c20s4ct2.xml,20,20240528,3149277672,0.1,10%,190,19,38
tc0c20s4ct2.xml,20,20240528,3149277672,0.2,20%,190,38,76
tc0c20s4ct2.xml,20,20240528,3149277672,0.3,30%,190,57,114
tc0c20s4ct2.xml,20,20240529,1463564594,0.1,10%,190,19,38
tc0c20s4ct2.xml,20,20240529,1463564594,0.2,20%,190,38,76
tc0c20s4ct2.xml,20,20240529,1463564594,0.3,30%,190,57,114
tc0c20s4ct2.xml,20,20240530,3405971837,0.1,10%,190,19,38
tc0c20s4ct2.xml,20,20240530,3405971837,0.2,20%,190,38,76
tc0c20s4ct2.xml,20,20240530,3405971837,0.3,30%,190,57,114
tc0c20s4ct2.xml,20,20240531,782550370,0.1,10%,190,19,38
tc0c20s4ct2.xml,20,20240531,782550370,0.2,20%,190,38,76
tc0c20s4ct2.xml,20,20240531,782550370,0.3,30%,190,57,114
tc0c20s4ct2.xml,20,20240532,785895137,0.1,10%,190,19,38
tc0c20s4ct2.xml,20,20240532,785895137,0.2,20%,190,38,76
tc0c20s4ct2.xml,20,20240532,785895137,0.3,30%,190,57,114
tc1c20s3cf1.xml,20,20240528,2293181653,0.1,10%,190,19,38
tc1c20s3cf1.xml,20,20240528,2293181653,0.2,20%,190,38,76
tc1c20s3cf1.xml,20,20240528,2293181653,0.3,30%,190,57,114
tc1c20s3cf1.xml,20,20240529,2722388202,0.1,10%,190,19,38
tc1c20s3cf1.xml,20,20240529,2722388202,0.2,20%,190,38,76
tc1c20s3cf1.xml,20,20240529,2722388202,0.3,30%,190,57,114
tc1c20s3cf1.xml,20,20240530,2943647653,0.1,10%,190,19,38
tc1c20s3cf1.xml,20,20240530,2943647653,0.2,20%,190,38,76
tc1c20s3cf1.xml,20,20240530,2943647653,0.3,30%,190,57,114
tc1c20s3cf1.xml,20,20240531,2228123488,0.1,10%,190,19,38
tc1c20s3cf1.xml,20,20240531,2228123488,0.2,20%,190,38,76
tc1c20s3cf1.xml,20,20240531,2228123488,0.3,30%,190,57,114
tc1c20s3cf1.xml,20,20240532,2883969915,0.1,10%,190,19,38
tc1c20s3cf1.xml,20,20240532,2883969915,0.2,20%,190,38,76
tc1c20s3cf1.xml,20,20240532,2883969915,0.3,30%,190,57,114
tc1c20s3cf3.xml,20,20240528,347386245,0.1,10%,190,19,38
tc1c20s3cf3.xml,20,20240528,347386245,0.2,20%,190,38,76
tc1c20s3cf3.xml,20,20240528,347386245,0.3,30%,190,57,114
tc1c20s3cf3.xml,20,20240529,3838843991,0.1,10%,190,19,38
tc1c20s3cf3.xml,20,20240529,3838843991,0.2,20%,190,38,76
tc1c20s3cf3.xml,20,20240529,3838843991,0.3,30%,190,57,114
tc1c20s3cf3.xml,20,20240530,3591171913,0.1,10%,190,19,38
tc1c20s3cf3.xml,20,20240530,3591171913,0.2,20%,190,38,76
tc1c20s3cf3.xml,20,20240530,3591171913,0.3,30%,190,57,114
tc1c20s3cf3.xml,20,20240531,3138051479,0.1,10%,190,19,38
tc1c20s3cf3.xml,20,20240531,3138051479,0.2,20%,190,38,76
tc1c20s3cf3.xml,20,20240531,3138051479,0.3,30%,190,57,114
tc1c20s3cf3.xml,20,20240532,1324490919,0.1,10%,190,19,38
tc1c20s3cf3.xml,20,20240532,1324490919,0.2,20%,190,38,76
tc1c20s3cf3.xml,20,20240532,1324490919,0.3,30%,190,57,114
tc1c20s3cf4.xml,20,20240528,2309302398,0.1,10%,190,19,38
tc1c20s3cf4.xml,20,20240528,2309302398,0.2,20%,190,38,76
tc1c20s3cf4.xml,20,20240528,2309302398,0.3,30%,190,57,114
tc1c20s3cf4.xml,20,20240529,206807697,0.1,10%,190,19,38
tc1c20s3cf4.xml,20,20240529,206807697,0.2,20%,190,38,76
tc1c20s3cf4.xml,20,20240529,206807697,0.3,30%,190,57,114
tc1c20s3cf4.xml,20,20240530,3173522513,0.1,10%,190,19,38
tc1c20s3cf4.xml,20,20240530,3173522513,0.2,20%,190,38,76
tc1c20s3cf4.xml,20,20240530,3173522513,0.3,30%,190,57,114
tc1c20s3cf4.xml,20,20240531,3727361666,0.1,10%,190,19,38
tc1c20s3cf4.xml,20,20240531,3727361666,0.2,20%,190,38,76
tc1c20s3cf4.xml,20,20240531,3727361666,0.3,30%,190,57,114
tc1c20s3cf4.xml,20,20240532,2540294092,0.1,10%,190,19,38
tc1c20s3cf4.xml,20,20240532,2540294092,0.2,20%,190,38,76
tc1c20s3cf4.xml,20,20240532,2540294092,0.3,30%,190,57,114
tc1c20s3ct1.xml,20,20240528,4270155155,0.1,10%,190,19,38
tc1c20s3ct1.xml,20,20240528,4270155155,0.2,20%,190,38,76
tc1c20s3ct1.xml,20,20240528,4270155155,0.3,30%,190,57,114
tc1c20s3ct1.xml,20,20240529,416023489,0.1,10%,190,19,38
tc1c20s3ct1.xml,20,20240529,416023489,0.2,20%,190,38,76
tc1c20s3ct1.xml,20,20240529,416023489,0.3,30%,190,57,114
tc1c20s3ct1.xml,20,20240530,2265462881,0.1,10%,190,19,38
tc1c20s3ct1.xml,20,20240530,2265462881,0.2,20%,190,38,76
tc1c20s3ct1.xml,20,20240530,2265462881,0.3,30%,190,57,114
tc1c20s3ct1.xml,20,20240531,1368956704,0.1,10%,190,19,38
tc1c20s3ct1.xml,20,20240531,1368956704,0.2,20%,190,38,76
tc1c20s3ct1.xml,20,20240531,1368956704,0.3,30%,190,57,114
tc1c20s3ct1.xml,20,20240532,2451733672,0.1,10%,190,19,38
tc1c20s3ct1.xml,20,20240532,2451733672,0.2,20%,190,38,76
tc1c20s3ct1.xml,20,20240532,2451733672,0.3,30%,190,57,114
tc1c20s3ct3.xml,20,20240528,841241668,0.1,10%,190,19,38
tc1c20s3ct3.xml,20,20240528,841241668,0.2,20%,190,38,76
tc1c20s3ct3.xml,20,20240528,841241668,0.3,30%,190,57,114
tc1c20s3ct3.xml,20,20240529,4259684015,0.1,10%,190,19,38
tc1c20s3ct3.xml,20,20240529,4259684015,0.2,20%,190,38,76
tc1c20s3ct3.xml,20,20240529,4259684015,0.3,30%,190,57,114
tc1c20s3ct3.xml,20,20240530,1599416139,0.1,10%,190,19,38
tc1c20s3ct3.xml,20,20240530,1599416139,0.2,20%,190,38,76
tc1c20s3ct3.xml,20,20240530,1599416139,0.3,30%,190,57,114
tc1c20s3ct3.xml,20,20240531,2236366590,0.1,10%,190,19,38
tc1c20s3ct3.xml,20,20240531,2236366590,0.2,20%,190,38,76
tc1c20s3ct3.xml,20,20240531,2236366590,0.3,30%,190,57,114
tc1c20s3ct3.xml,20,20240532,442923037,0.1,10%,190,19,38
tc1c20s3ct3.xml,20,20240532,442923037,0.2,20%,190,38,76
tc1c20s3ct3.xml,20,20240532,442923037,0.3,30%,190,57,114
tc1c20s3ct4.xml,20,20240528,467477316,0.1,10%,190,19,38
tc1c20s3ct4.xml,20,20240528,467477316,0.2,20%,190,38,76
tc1c20s3ct4.xml,20,20240528,467477316,0.3,30%,190,57,114
tc1c20s3ct4.xml,20,20240529,2695672989,0.1,10%,190,19,38
tc1c20s3ct4.xml,20,20240529,2695672989,0.2,20%,190,38,76
tc1c20s3ct4.xml,20,20240529,2695672989,0.3,30%,190,57,114
tc1c20s3ct4.xml,20,20240530,2965491443,0.1,10%,190,19,38
tc1c20s3ct4.xml,20,20240530,2965491443,0.2,20%,190,38,76
tc1c20s3ct4.xml,20,20240530,2965491443,0.3,30%,190,57,114
tc1c20s3ct4.xml,20,20240531,3278976768,0.1,10%,190,19,38
tc1c20s3ct4.xml,20,20240531,3278976768,0.2,20%,190,38,76
tc1c20s3ct4.xml,20,20240531,3278976768,0.3,30%,190,57,114
tc1c20s3ct4.xml,20,20240532,1126722632,0.1,10%,190,19,38
tc1c20s3ct4.xml,20,20240532,1126722632,0.2,20%,190,38,76
tc1c20s3ct4.xml,20,20240532,1126722632,0.3,30%,190,57,114
tc1c20s4cf1.xml,20,20240528,1006529058,0.1,10%,190,19,38
tc1c20s4cf1.xml,20,20240528,1006529058,0.2,20%,190,38,76
tc1c20s4cf1.xml,20,20240528,1006529058,0.3,30%,190,57,114
tc1c20s4cf1.xml,20,20240529,3020388070,0.1,10%,190,19,38
tc1c20s4cf1.xml,20,20240529,3020388070,0.2,20%,190,38,76
tc1c20s4cf1.xml,20,20240529,3020388070,0.3,30%,190,57,114
tc1c20s4cf1.xml,20,20240530,621638796,0.1,10%,190,19,38
tc1c20s4cf1.xml,20,20240530,621638796,0.2,20%,190,38,76
tc1c20s4cf1.xml,20,20240530,621638796,0.3,30%,190,57,114
tc1c20s4cf1.xml,20,20240531,1313394878,0.1,10%,190,19,38
tc1c20s4cf1.xml,20,20240531,1313394878,0.2,20%,190,38,76
tc1c20s4cf1.xml,20,20240531,1313394878,0.3,30%,190,57,114
tc1c20s4cf1.xml,20,20240532,3972528698,0.1,10%,190,19,38
tc1c20s4cf1.xml,20,20240532,3972528698,0.2,20%,190,38,76
tc1c20s4cf1.xml,20,20240532,3972528698,0.3,30%,190,57,114
tc1c20s4cf3.xml,20,20240528,1430520362,0.1,10%,190,19,38
tc1c20s4cf3.xml,20,20240528,1430520362,0.2,20%,190,38,76
tc1c20s4cf3.xml,20,20240528,1430520362,0.3,30%,190,57,114
tc1c20s4cf3.xml,20,20240529,1236670995,0.1,10%,190,19,38
tc1c20s4cf3.xml,20,20240529,1236670995,0.2,20%,190,38,76
tc1c20s4cf3.xml,20,20240529,1236670995,0.3,30%,190,57,114
tc1c20s4cf3.xml,20,20240530,3131229926,0.1,10%,190,19,38
tc1c20s4cf3.xml,20,20240530,3131229926,0.2,20%,190,38,76
tc1c20s4cf3.xml,20,20240530,3131229926,0.3,30%,190,57,114
tc1c20s4cf3.xml,20,20240531,1613253125,0.1,10%,190,19,38
tc1c20s4cf3.xml,20,20240531,1613253125,0.2,20%,190,38,76
tc1c20s4cf3.xml,20,20240531,1613253125,0.3,30%,190,57,114
tc1c20s4cf3.xml,20,20240532,3729245768,0.1,10%,190,19,38
tc1c20s4cf3.xml,20,20240532,3729245768,0.2,20%,190,38,76
tc1c20s4cf3.xml,20,20240532,3729245768,0.3,30%,190,57,114
tc1c20s4cf4.xml,20,20240528,3629587124,0.1,10%,190,19,38
tc1c20s4cf4.xml,20,20240528,3629587124,0.2,20%,190,38,76
tc1c20s4cf4.xml,20,20240528,3629587124,0.3,30%,190,57,114
tc1c20s4cf4.xml,20,20240529,1130023940,0.1,10%,190,19,38
tc1c20s4cf4.xml,20,20240529,1130023940,0.2,20%,190,38,76
tc1c20s4cf4.xml,20,20240529,1130023940,0.3,30%,190,57,114
tc1c20s4cf4.xml,20,20240530,1303295477,0.1,10%,190,19,38
tc1c20s4cf4.xml,20,20240530,1303295477,0.2,20%,190,38,76
tc1c20s4cf4.xml,20,20240530,1303295477,0.3,30%,190,57,114
tc1c20s4cf4.xml,20,20240531,428305850,0.1,10%,190,19,38
tc1c20s4cf4.xml,20,20240531,428305850,0.2,20%,190,38,76
tc1c20s4cf4.xml,20,20240531,428305850,0.3,30%,190,57,114
tc1c20s4cf4.xml,20,20240532,1781123682,0.1,10%,190,19,38
tc1c20s4cf4.xml,20,20240532,1781123682,0.2,20%,190,38,76
tc1c20s4cf4.xml,20,20240532,1781123682,0.3,30%,190,57,114
tc1c20s4ct1.xml,20,20240528,2245378225,0.1,10%,190,19,38
tc1c20s4ct1.xml,20,20240528,2245378225,0.2,20%,190,38,76
tc1c20s4ct1.xml,20,20240528,2245378225,0.3,30%,190,57,114
tc1c20s4ct1.xml,20,20240529,2534040610,0.1,10%,190,19,38
tc1c20s4ct1.xml,20,20240529,2534040610,0.2,20%,190,38,76
tc1c20s4ct1.xml,20,20240529,2534040610,0.3,30%,190,57,114
tc1c20s4ct1.xml,20,20240530,3705567104,0.1,10%,190,19,38
tc1c20s4ct1.xml,20,20240530,3705567104,0.2,20%,190,38,76
tc1c20s4ct1.xml,20,20240530,3705567104,0.3,30%,190,57,114
tc1c20s4ct1.xml,20,20240531,671424857,0.1,10%,190,19,38
tc1c20s4ct1.xml,20,20240531,671424857,0.2,20%,190,38,76
tc1c20s4ct1.xml,20,20240531,671424857,0.3,30%,190,57,114
tc1c20s4ct1.xml,20,20240532,1770965110,0.1,10%,190,19,38
tc1c20s4ct1.xml,20,20240532,1770965110,0.2,20%,190,38,76
tc1c20s4ct1.xml,20,20240532,1770965110,0.3,30%,190,57,114
tc1c20s4ct3.xml,20,20240528,2746528484,0.1,10%,190,19,38
tc1c20s4ct3.xml,20,20240528,2746528484,0.2,20%,190,38,76
tc1c20s4ct3.xml,20,20240528,2746528484,0.3,30%,190,57,114
tc1c20s4ct3.xml,20,20240529,3185508738,0.1,10%,190,19,38
tc1c20s4ct3.xml,20,20240529,3185508738,0.2,20%,190,38,76
tc1c20s4ct3.xml,20,20240529,3185508738,0.3,30%,190,57,114
tc1c20s4ct3.xml,20,20240530,1904156635,0.1,10%,190,19,38
tc1c20s4ct3.xml,20,20240530,1904156635,0.2,20%,190,38,76
tc1c20s4ct3.xml,20,20240530,1904156635,0.3,30%,190,57,114
tc1c20s4ct3.xml,20,20240531,3321161761,0.1,10%,190,19,38
tc1c20s4ct3.xml,20,20240531,3321161761,0.2,20%,190,38,76
tc1c20s4ct3.xml,20,20240531,3321161761,0.3,30%,190,57,114
tc1c20s4ct3.xml,20,20240532,2609557656,0.1,10%,190,19,38
tc1c20s4ct3.xml,20,20240532,2609557656,0.2,20%,190,38,76
tc1c20s4ct3.xml,20,20240532,2609557656,0.3,30%,190,57,114
tc1c20s4ct4.xml,20,20240528,4119158450,0.1,10%,190,19,38
tc1c20s4ct4.xml,20,20240528,4119158450,0.2,20%,190,38,76
tc1c20s4ct4.xml,20,20240528,4119158450,0.3,30%,190,57,114
tc1c20s4ct4.xml,20,20240529,2099872342,0.1,10%,190,19,38
tc1c20s4ct4.xml,20,20240529,2099872342,0.2,20%,190,38,76
tc1c20s4ct4.xml,20,20240529,2099872342,0.3,30%,190,57,114
tc1c20s4ct4.xml,20,20240530,2771590545,0.1,10%,190,19,38
tc1c20s4ct4.xml,20,20240530,2771590545,0.2,20%,190,38,76
tc1c20s4ct4.xml,20,20240530,2771590545,0.3,30%,190,57,114
tc1c20s4ct4.xml,20,20240531,4169526334,0.1,10%,190,19,38
tc1c20s4ct4.xml,20,20240531,4169526334,0.2,20%,190,38,76
tc1c20s4ct4.xml,20,20240531,4169526334,0.3,30%,190,57,114
tc1c20s4ct4.xml,20,20240532,1891406132,0.1,10%,190,19,38
tc1c20s4ct4.xml,20,20240532,1891406132,0.2,20%,190,38,76
tc1c20s4ct4.xml,20,20240532,1891406132,0.3,30%,190,57,114
tc2c20s3cf0.xml,20,20240528,135100666,0.1,10%,190,19,38
tc2c20s3cf0.xml,20,20240528,135100666,0.2,20%,190,38,76
tc2c20s3cf0.xml,20,20240528,135100666,0.3,30%,190,57,114
tc2c20s3cf0.xml,20,20240529,2248764848,0.1,10%,190,19,38
tc2c20s3cf0.xml,20,20240529,2248764848,0.2,20%,190,38,76
tc2c20s3cf0.xml,20,20240529,2248764848,0.3,30%,190,57,114
tc2c20s3cf0.xml,20,20240530,2658374243,0.1,10%,190,19,38
tc2c20s3cf0.xml,20,20240530,2658374243,0.2,20%,190,38,76
tc2c20s3cf0.xml,20,20240530,2658374243,0.3,30%,190,57,114
tc2c20s3cf0.xml,20,20240531,3088014421,0.1,10%,190,19,38
tc2c20s3cf0.xml,20,20240531,3088014421,0.2,20%,190,38,76
tc2c20s3cf0.xml,20,20240531,3088014421,0.3,30%,190,57,114
tc2c20s3cf0.xml,20,20240532,4071185295,0.1,10%,190,19,38
tc2c20s3cf0.xml,20,20240532,4071185295,0.2,20%,190,38,76
tc2c20s3cf0.xml,20,20240532,4071185295,0.3,30%,190,57,114
tc2c20s3ct0.xml,20,20240528,890016875,0.1,10%,190,19,38
tc2c20s3ct0.xml,20,20240528,890016875,0.2,20%,190,38,76
tc2c20s3ct0.xml,20,20240528,890016875,0.3,30%,190,57,114
tc2c20s3ct0.xml,20,20240529,3817610174,0.1,10%,190,19,38
tc2c20s3ct0.xml,20,20240529,3817610174,0.2,20%,190,38,76
tc2c20s3ct0.xml,20,20240529,3817610174,0.3,30%,190,57,114
tc2c20s3ct0.xml,20,20240530,1440989298,0.1,10%,190,19,38
tc2c20s3ct0.xml,20,20240530,1440989298,0.2,20%,190,38,76
tc2c20s3ct0.xml,20,20240530,1440989298,0.3,30%,190,57,114
tc2c20s3ct0.xml,20,20240531,1204117371,0.1,10%,190,19,38
tc2c20s3ct0.xml,20,20240531,1204117371,0.2,20%,190,38,76
tc2c20s3ct0.xml,20,20240531,1204117371,0.3,30%,190,57,114
tc2c20s3ct0.xml,20,20240532,737908478,0.1,10%,190,19,38
tc2c20s3ct0.xml,20,20240532,737908478,0.2,20%,190,38,76
tc2c20s3ct0.xml,20,20240532,737908478,0.3,30%,190,57,114
tc2c20s4cf0.xml,20,20240528,3051008933,0.1,10%,190,19,38
tc2c20s4cf0.xml,20,20240528,3051008933,0.2,20%,190,38,76
tc2c20s4cf0.xml,20,20240528,3051008933,0.3,30%,190,57,114
tc2c20s4cf0.xml,20,20240529,114965005,0.1,10%,190,19,38
tc2c20s4cf0.xml,20,20240529,114965005,0.2,20%,190,38,76
tc2c20s4cf0.xml,20,20240529,114965005,0.3,30%,190,57,114
tc2c20s4cf0.xml,20,20240530,1914722483,0.1,10%,190,19,38
tc2c20s4cf0.xml,20,20240530,1914722483,0.2,20%,190,38,76
tc2c20s4cf0.xml,20,20240530,1914722483,0.3,30%,190,57,114
tc2c20s4cf0.xml,20,20240531,590151395,0.1,10%,190,19,38
tc2c20s4cf0.xml,20,20240531,590151395,0.2,20%,190,38,76
tc2c20s4cf0.xml,20,20240531,590151395,0.3,30%,190,57,114
tc2c20s4cf0.xml,20,20240532,3083703626,0.1,10%,190,19,38
tc2c20s4cf0.xml,20,20240532,3083703626,0.2,20%,190,38,76
tc2c20s4cf0.xml,20,20240532,3083703626,0.3,30%,190,57,114
tc2c20s4ct0.xml,20,20240528,4002733998,0.1,10%,190,19,38
tc2c20s4ct0.xml,20,20240528,4002733998,0.2,20%,190,38,76
tc2c20s4ct0.xml,20,20240528,4002733998,0.3,30%,190,57,114
tc2c20s4ct0.xml,20,20240529,708421975,0.1,10%,190,19,38
tc2c20s4ct0.xml,20,20240529,708421975,0.2,20%,190,38,76
tc2c20s4ct0.xml,20,20240529,708421975,0.3,30%,190,57,114
tc2c20s4ct0.xml,20,20240530,1232753419,0.1,10%,190,19,38
tc2c20s4ct0.xml,20,20240530,1232753419,0.2,20%,190,38,76
tc2c20s4ct0.xml,20,20240530,1232753419,0.3,30%,190,57,114
tc2c20s4ct0.xml,20,20240531,1029527315,0.1,10%,190,19,38
tc2c20s4ct0.xml,20,20240531,1029527315,0.2,20%,190,38,76
tc2c20s4ct0.xml,20,20240531,1029527315,0.3,30%,190,57,114
tc2c20s4ct0.xml,20,20240532,116139600,0.1,10%,190,19,38
tc2c20s4ct0.xml,20,20240532,116139600,0.2,20%,190,38,76
tc2c20s4ct0.xml,20,20240532,116139600,0.3,30%,190,57,114
tc0c40s5cf0.xml,40,20240528,15052060,0.1,10%,780,78,156
tc0c40s5cf0.xml,40,20240528,15052060,0.2,20%,780,156,312
tc0c40s5cf0.xml,40,20240528,15052060,0.3,30%,780,234,468
tc0c40s5cf0.xml,40,20240529,965311745,0.1,10%,780,78,156
tc0c40s5cf0.xml,40,20240529,965311745,0.2,20%,780,156,312
tc0c40s5cf0.xml,40,20240529,965311745,0.3,30%,780,234,468
tc0c40s5cf0.xml,40,20240530,139336688,0.1,10%,780,78,156
tc0c40s5cf0.xml,40,20240530,139336688,0.2,20%,780,156,312
tc0c40s5cf0.xml,40,20240530,139336688,0.3,30%,780,234,468
tc0c40s5cf0.xml,40,20240531,1420578042,0.1,10%,780,78,156
tc0c40s5cf0.xml,40,20240531,1420578042,0.2,20%,780,156,312
tc0c40s5cf0.xml,40,20240531,1420578042,0.3,30%,780,234,468
tc0c40s5cf0.xml,40,20240532,338974722,0.1,10%,780,78,156
tc0c40s5cf0.xml,40,20240532,338974722,0.2,20%,780,156,312
tc0c40s5cf0.xml,40,20240532,338974722,0.3,30%,780,234,468
tc0c40s5cf4.xml,40,20240528,4158407474,0.1,10%,780,78,156
tc0c40s5cf4.xml,40,20240528,4158407474,0.2,20%,780,156,312
tc0c40s5cf4.xml,40,20240528,4158407474,0.3,30%,780,234,468
tc0c40s5cf4.xml,40,20240529,3136952603,0.1,10%,780,78,156
tc0c40s5cf4.xml,40,20240529,3136952603,0.2,20%,780,156,312
tc0c40s5cf4.xml,40,20240529,3136952603,0.3,30%,780,234,468
tc0c40s5cf4.xml,40,20240530,987160917,0.1,10%,780,78,156
tc0c40s5cf4.xml,40,20240530,987160917,0.2,20%,780,156,312
tc0c40s5cf4.xml,40,20240530,987160917,0.3,30%,780,234,468
tc0c40s5cf4.xml,40,20240531,1296986285,0.1,10%,780,78,156
tc0c40s5cf4.xml,40,20240531,1296986285,0.2,20%,780,156,312
tc0c40s5cf4.xml,40,20240531,1296986285,0.3,30%,780,234,468
tc0c40s5cf4.xml,40,20240532,300541155,0.1,10%,780,78,156
tc0c40s5cf4.xml,40,20240532,300541155,0.2,20%,780,156,312
tc0c40s5cf4.xml,40,20240532,300541155,0.3,30%,780,234,468
tc0c40s5ct0.xml,40,20240528,769333636,0.1,10%,780,78,156
tc0c40s5ct0.xml,40,20240528,769333636,0.2,20%,780,156,312
tc0c40s5ct0.xml,40,20240528,769333636,0.3,30%,780,234,468
tc0c40s5ct0.xml,40,20240529,4252973917,0.1,10%,780,78,156
tc0c40s5ct0.xml,40,20240529,4252973917,0.2,20%,780,156,312
tc0c40s5ct0.xml,40,20240529,4252973917,0.3,30%,780,234,468
tc0c40s5ct0.xml,40,20240530,2455857799,0.1,10%,780,78,156
tc0c40s5ct0.xml,40,20240530,2455857799,0.2,20%,780,156,312
tc0c40s5ct0.xml,40,20240530,2455857799,0.3,30%,780,234,468
tc0c40s5ct0.xml,40,20240531,2385047951,0.1,10%,780,78,156
tc0c40s5ct0.xml,40,20240531,2385047951,0.2,20%,780,156,312
tc0c40s5ct0.xml,40,20240531,2385047951,0.3,30%,780,234,468
tc0c40s5ct0.xml,40,20240532,1308727352,0.1,10%,780,78,156
tc0c40s5ct0.xml,40,20240532,1308727352,0.2,20%,780,156,312
tc0c40s5ct0.xml,40,20240532,1308727352,0.3,30%,780,234,468
tc0c40s5ct4.xml,40,20240528,1365574099,0.1,10%,780,78,156
tc0c40s5ct4.xml,40,20240528,1365574099,0.2,20%,780,156,312
tc0c40s5ct4.xml,40,20240528,1365574099,0.3,30%,780,234,468
tc0c40s5ct4.xml,40,20240529,4112321842,0.1,10%,780,78,156
tc0c40s5ct4.xml,40,20240529,4112321842,0.2,20%,780,156,312
tc0c40s5ct4.xml,40,20240529,4112321842,0.3,30%,780,234,468
tc0c40s5ct4.xml,40,20240530,4244656148,0.1,10%,780,78,156
tc0c40s5ct4.xml,40,20240530,4244656148,0.2,20%,780,156,312
tc0c40s5ct4.xml,40,20240530,4244656148,0.3,30%,780,234,468
tc0c40s5ct4.xml,40,20240531,258953515,0.1,10%,780,78,156
tc0c40s5ct4.xml,40,20240531,258953515,0.2,20%,780,156,312
tc0c40s5ct4.xml,40,20240531,258953515,0.3,30%,780,234,468
tc0c40s5ct4.xml,40,20240532,2651447262,0.1,10%,780,78,156
tc0c40s5ct4.xml,40,20240532,2651447262,0.2,20%,780,156,312
tc0c40s5ct4.xml,40,20240532,2651447262,0.3,30%,780,234,468
tc0c40s8cf0.xml,40,20240528,3644406965,0.1,10%,780,78,156
tc0c40s8cf0.xml,40,20240528,3644406965,0.2,20%,780,156,312
tc0c40s8cf0.xml,40,20240528,3644406965,0.3,30%,780,234,468
tc0c40s8cf0.xml,40,20240529,675311029,0.1,10%,780,78,156
tc0c40s8cf0.xml,40,20240529,675311029,0.2,20%,780,156,312
tc0c40s8cf0.xml,40,20240529,675311029,0.3,30%,780,234,468
tc0c40s8cf0.xml,40,20240530,1271814582,0.1,10%,780,78,156
tc0c40s8cf0.xml,40,20240530,1271814582,0.2,20%,780,156,312
tc0c40s8cf0.xml,40,20240530,1271814582,0.3,30%,780,234,468
tc0c40s8cf0.xml,40,20240531,1025343433,0.1,10%,780,78,156
tc0c40s8cf0.xml,40,20240531,1025343433,0.2,20%,780,156,312
tc0c40s8cf0.xml,40,20240531,1025343433,0.3,30%,780,234,468
tc0c40s8cf0.xml,40,20240532,2152940670,0.1,10%,780,78,156
tc0c40s8cf0.xml,40,20240532,2152940670,0.2,20%,780,156,312
tc0c40s8cf0.xml,40,20240532,2152940670,0.3,30%,780,234,468
tc0c40s8cf4.xml,40,20240528,904394572,0.1,10%,780,78,156
tc0c40s8cf4.xml,40,20240528,904394572,0.2,20%,780,156,312
tc0c40s8cf4.xml,40,20240528,904394572,0.3,30%,780,234,468
tc0c40s8cf4.xml,40,20240529,2568134206,0.1,10%,780,78,156
tc0c40s8cf4.xml,40,20240529,2568134206,0.2,20%,780,156,312
tc0c40s8cf4.xml,40,20240529,2568134206,0.3,30%,780,234,468
tc0c40s8cf4.xml,40,20240530,3073481099,0.1,10%,780,78,156
tc0c40s8cf4.xml,40,20240530,3073481099,0.2,20%,780,156,312
tc0c40s8cf4.xml,40,20240530,3073481099,0.3,30%,780,234,468
tc0c40s8cf4.xml,40,20240531,2789906246,0.1,10%,780,78,156
tc0c40s8cf4.xml,40,20240531,2789906246,0.2,20%,780,156,312
tc0c40s8cf4.xml,40,20240531,2789906246,0.3,30%,780,234,468
tc0c40s8cf4.xml,40,20240532,3837033651,0.1,10%,780,78,156
tc0c40s8cf4.xml,40,20240532,3837033651,0.2,20%,780,156,312
tc0c40s8cf4.xml,40,20240532,3837033651,0.3,30%,780,234,468
tc0c40s8ct0.xml,40,20240528,3681552995,0.1,10%,780,78,156
tc0c40s8ct0.xml,40,20240528,3681552995,0.2,20%,780,156,312
tc0c40s8ct0.xml,40,20240528,3681552995,0.3,30%,780,234,468
tc0c40s8ct0.xml,40,20240529,3605055852,0.1,10%,780,78,156
tc0c40s8ct0.xml,40,20240529,3605055852,0.2,20%,780,156,312
tc0c40s8ct0.xml,40,20240529,3605055852,0.3,30%,780,234,468
tc0c40s8ct0.xml,40,20240530,3527710427,0.1,10%,780,78,156
tc0c40s8ct0.xml,40,20240530,3527710427,0.2,20%,780,156,312
tc0c40s8ct0.xml,40,20240530,3527710427,0.3,30%,780,234,468
tc0c40s8ct0.xml,40,20240531,4050229505,0.1,10%,780,78,156
tc0c40s8ct0.xml,40,20240531,4050229505,0.2,20%,780,156,312
tc0c40s8ct0.xml,40,20240531,4050229505,0.3,30%,780,234,468
tc0c40s8ct0.xml,40,20240532,1008171772,0.1,10%,780,78,156
tc0c40s8ct0.xml,40,20240532,1008171772,0.2,20%,780,156,312
tc0c40s8ct0.xml,40,20240532,1008171772,0.3,30%,780,234,468
tc0c40s8ct4.xml,40,20240528,3424427760,0.1,10%,780,78,156
tc0c40s8ct4.xml,40,20240528,3424427760,0.2,20%,780,156,312
tc0c40s8ct4.xml,40,20240528,3424427760,0.3,30%,780,234,468
tc0c40s8ct4.xml,40,20240529,2693801862,0.1,10%,780,78,156
tc0c40s8ct4.xml,40,20240529,2693801862,0.2,20%,780,156,312
tc0c40s8ct4.xml,40,20240529,2693801862,0.3,30%,780,234,468
tc0c40s8ct4.xml,40,20240530,3223845048,0.1,10%,780,78,156
tc0c40s8ct4.xml,40,20240530,3223845048,0.2,20%,780,156,312
tc0c40s8ct4.xml,40,20240530,3223845048,0.3,30%,780,234,468
tc0c40s8ct4.xml,40,20240531,3350818342,0.1,10%,780,78,156
tc0c40s8ct4.xml,40,20240531,3350818342,0.2,20%,780,156,312
tc0c40s8ct4.xml,40,20240531,3350818342,0.3,30%,780,234,468
tc0c40s8ct4.xml,40,20240532,1586295330,0.1,10%,780,78,156
tc0c40s8ct4.xml,40,20240532,1586295330,0.2,20%,780,156,312
tc0c40s8ct4.xml,40,20240532,1586295330,0.3,30%,780,234,468
tc1c40s5cf1.xml,40,20240528,3935689372,0.1,10%,780,78,156
tc1c40s5cf1.xml,40,20240528,3935689372,0.2,20%,780,156,312
tc1c40s5cf1.xml,40,20240528,3935689372,0.3,30%,780,234,468
tc1c40s5cf1.xml,40,20240529,4054467113,0.1,10%,780,78,156
tc1c40s5cf1.xml,40,20240529,4054467113,0.2,20%,780,156,312
tc1c40s5cf1.xml,40,20240529,4054467113,0.3,30%,780,234,468
tc1c40s5cf1.xml,40,20240530,2400868,0.1,10%,780,78,156
tc1c40s5cf1.xml,40,20240530,2400868,0.2,20%,780,156,312
tc1c40s5cf1.xml,40,20240530,2400868,0.3,30%,780,234,468
tc1c40s5cf1.xml,40,20240531,3690077139,0.1,10%,780,78,156
tc1c40s5cf1.xml,40,20240531,3690077139,0.2,20%,780,156,312
tc1c40s5cf1.xml,40,20240531,3690077139,0.3,30%,780,234,468
tc1c40s5cf1.xml,40,20240532,2881148115,0.1,10%,780,78,156
tc1c40s5cf1.xml,40,20240532,2881148115,0.2,20%,780,156,312
tc1c40s5cf1.xml,40,20240532,2881148115,0.3,30%,780,234,468
tc1c40s5ct1.xml,40,20240528,1951547054,0.1,10%,780,78,156
tc1c40s5ct1.xml,40,20240528,1951547054,0.2,20%,780,156,312
tc1c40s5ct1.xml,40,20240528,1951547054,0.3,30%,780,234,468
tc1c40s5ct1.xml,40,20240529,4043169428,0.1,10%,780,78,156
tc1c40s5ct1.xml,40,20240529,4043169428,0.2,20%,780,156,312
tc1c40s5ct1.xml,40,20240529,4043169428,0.3,30%,780,234,468
tc1c40s5ct1.xml,40,20240530,1521186890,0.1,10%,780,78,156
tc1c40s5ct1.xml,40,20240530,1521186890,0.2,20%,780,156,312
tc1c40s5ct1.xml,40,20240530,1521186890,0.3,30%,780,234,468
tc1c40s5ct1.xml,40,20240531,1657696808,0.1,10%,780,78,156
tc1c40s5ct1.xml,40,20240531,1657696808,0.2,20%,780,156,312
tc1c40s5ct1.xml,40,20240531,1657696808,0.3,30%,780,234,468
tc1c40s5ct1.xml,40,20240532,601131343,0.1,10%,780,78,156
tc1c40s5ct1.xml,40,20240532,601131343,0.2,20%,780,156,312
tc1c40s5ct1.xml,40,20240532,601131343,0.3,30%,780,234,468
tc1c40s8cf1.xml,40,20240528,2062746303,0.1,10%,780,78,156
tc1c40s8cf1.xml,40,20240528,2062746303,0.2,20%,780,156,312
tc1c40s8cf1.xml,40,20240528,2062746303,0.3,30%,780,234,468
tc1c40s8cf1.xml,40,20240529,3061300518,0.1,10%,780,78,156
tc1c40s8cf1.xml,40,20240529,3061300518,0.2,20%,780,156,312
tc1c40s8cf1.xml,40,20240529,3061300518,0.3,30%,780,234,468
tc1c40s8cf1.xml,40,20240530,2592362259,0.1,10%,780,78,156
tc1c40s8cf1.xml,40,20240530,2592362259,0.2,20%,780,156,312
tc1c40s8cf1.xml,40,20240530,2592362259,0.3,30%,780,234,468
tc1c40s8cf1.xml,40,20240531,3604074220,0.1,10%,780,78,156
tc1c40s8cf1.xml,40,20240531,3604074220,0.2,20%,780,156,312
tc1c40s8cf1.xml,40,20240531,3604074220,0.3,30%,780,234,468
tc1c40s8cf1.xml,40,20240532,1610545314,0.1,10%,780,78,156
tc1c40s8cf1.xml,40,20240532,1610545314,0.2,20%,780,156,312
tc1c40s8cf1.xml,40,20240532,1610545314,0.3,30%,780,234,468
tc1c40s8ct1.xml,40,20240528,2977197924,0.1,10%,780,78,156
tc1c40s8ct1.xml,40,20240528,2977197924,0.2,20%,780,156,312
tc1c40s8ct1.xml,40,20240528,2977197924,0.3,30%,780,234,468
tc1c40s8ct1.xml,40,20240529,888381518,0.1,10%,780,78,156
tc1c40s8ct1.xml,40,20240529,888381518,0.2,20%,780,156,312
tc1c40s8ct1.xml,40,20240529,888381518,0.3,30%,780,234,468
tc1c40s8ct1.xml,40,20240530,1915586435,0.1,10%,780,78,156
tc1c40s8ct1.xml,40,20240530,1915586435,0.2,20%,780,156,312
tc1c40s8ct1.xml,40,20240530,1915586435,0.3,30%,780,234,468
tc1c40s8ct1.xml,40,20240531,2042172200,0.1,10%,780,78,156
tc1c40s8ct1.xml,40,20240531,2042172200,0.2,20%,780,156,312
tc1c40s8ct1.xml,40,20240531,2042172200,0.3,30%,780,234,468
tc1c40s8ct1.xml,40,20240532,1478310209,0.1,10%,780,78,156
tc1c40s8ct1.xml,40,20240532,1478310209,0.2,20%,780,156,312
tc1c40s8ct1.xml,40,20240532,1478310209,0.3,30%,780,234,468
tc2c40s5cf2.xml,40,20240528,491792872,0.1,10%,780,78,156
tc2c40s5cf2.xml,40,20240528,491792872,0.2,20%,780,156,312
tc2c40s5cf2.xml,40,20240528,491792872,0.3,30%,780,234,468
tc2c40s5cf2.xml,40,20240529,2198637690,0.1,10%,780,78,156
tc2c40s5cf2.xml,40,20240529,2198637690,0.2,20%,780,156,312
tc2c40s5cf2.xml,40,20240529,2198637690,0.3,30%,780,234,468
tc2c40s5cf2.xml,40,20240530,2771039300,0.1,10%,780,78,156
tc2c40s5cf2.xml,40,20240530,2771039300,0.2,20%,780,156,312
tc2c40s5cf2.xml,40,20240530,2771039300,0.3,30%,780,234,468
tc2c40s5cf2.xml,40,20240531,1555950534,0.1,10%,780,78,156
tc2c40s5cf2.xml,40,20240531,1555950534,0.2,20%,780,156,312
tc2c40s5cf2.xml,40,20240531,1555950534,0.3,30%,780,234,468
tc2c40s5cf2.xml,40,20240532,534241934,0.1,10%,780,78,156
tc2c40s5cf2.xml,40,20240532,534241934,0.2,20%,780,156,312
tc2c40s5cf2.xml,40,20240532,534241934,0.3,30%,780,234,468
tc2c40s5cf3.xml,40,20240528,332939631,0.1,10%,780,78,156
tc2c40s5cf3.xml,40,20240528,332939631,0.2,20%,780,156,312
tc2c40s5cf3.xml,40,20240528,332939631,0.3,30%,780,234,468
tc2c40s5cf3.xml,40,20240529,2325738592,0.1,10%,780,78,156
tc2c40s5cf3.xml,40,20240529,2325738592,0.2,20%,780,156,312
tc2c40s5cf3.xml,40,20240529,2325738592,0.3,30%,780,234,468
tc2c40s5cf3.xml,40,20240530,3139920353,0.1,10%,780,78,156
tc2c40s5cf3.xml,40,20240530,3139920353,0.2,20%,780,156,312
tc2c40s5cf3.xml,40,20240530,3139920353,0.3,30%,780,234,468
tc2c40s5cf3.xml,40,20240531,93220711,0.1,10%,780,78,156
tc2c40s5cf3.xml,40,20240531,93220711,0.2,20%,780,156,312
tc2c40s5cf3.xml,40,20240531,93220711,0.3,30%,780,234,468
tc2c40s5cf3.xml,40,20240532,203758469,0.1,10%,780,78,156
tc2c40s5cf3.xml,40,20240532,203758469,0.2,20%,780,156,312
tc2c40s5cf3.xml,40,20240532,203758469,0.3,30%,780,234,468
tc2c40s5ct2.xml,40,20240528,2347262771,0.1,10%,780,78,156
tc2c40s5ct2.xml,40,20240528,2347262771,0.2,20%,780,156,312
tc2c40s5ct2.xml,40,20240528,2347262771,0.3,30%,780,234,468
tc2c40s5ct2.xml,40,20240529,496278051,0.1,10%,780,78,156
tc2c40s5ct2.xml,40,20240529,496278051,0.2,20%,780,156,312
tc2c40s5ct2.xml,40,20240529,496278051,0.3,30%,780,234,468
tc2c40s5ct2.xml,40,20240530,2591047812,0.1,10%,780,78,156
tc2c40s5ct2.xml,40,20240530,2591047812,0.2,20%,780,156,312
tc2c40s5ct2.xml,40,20240530,2591047812,0.3,30%,780,234,468
tc2c40s5ct2.xml,40,20240531,1723875909,0.1,10%,780,78,156
tc2c40s5ct2.xml,40,20240531,1723875909,0.2,20%,780,156,312
tc2c40s5ct2.xml,40,20240531,1723875909,0.3,30%,780,234,468
tc2c40s5ct2.xml,40,20240532,799509184,0.1,10%,780,78,156
tc2c40s5ct2.xml,40,20240532,799509184,0.2,20%,780,156,312
tc2c40s5ct2.xml,40,20240532,799509184,0.3,30%,780,234,468
tc2c40s5ct3.xml,40,20240528,2938392952,0.1,10%,780,78,156
tc2c40s5ct3.xml,40,20240528,2938392952,0.2,20%,780,156,312
tc2c40s5ct3.xml,40,20240528,2938392952,0.3,30%,780,234,468
tc2c40s5ct3.xml,40,20240529,3334612748,0.1,10%,780,78,156
tc2c40s5ct3.xml,40,20240529,3334612748,0.2,20%,780,156,312
tc2c40s5ct3.xml,40,20240529,3334612748,0.3,30%,780,234,468
tc2c40s5ct3.xml,40,20240530,1181670925,0.1,10%,780,78,156
tc2c40s5ct3.xml,40,20240530,1181670925,0.2,20%,780,156,312
tc2c40s5ct3.xml,40,20240530,1181670925,0.3,30%,780,234,468
tc2c40s5ct3.xml,40,20240531,3962151229,0.1,10%,780,78,156
tc2c40s5ct3.xml,40,20240531,3962151229,0.2,20%,780,156,312
tc2c40s5ct3.xml,40,20240531,3962151229,0.3,30%,780,234,468
tc2c40s5ct3.xml,40,20240532,2857484330,0.1,10%,780,78,156
tc2c40s5ct3.xml,40,20240532,2857484330,0.2,20%,780,156,312
tc2c40s5ct3.xml,40,20240532,2857484330,0.3,30%,780,234,468
tc2c40s8cf2.xml,40,20240528,1320810582,0.1,10%,780,78,156
tc2c40s8cf2.xml,40,20240528,1320810582,0.2,20%,780,156,312
tc2c40s8cf2.xml,40,20240528,1320810582,0.3,30%,780,234,468
tc2c40s8cf2.xml,40,20240529,3626859246,0.1,10%,780,78,156
tc2c40s8cf2.xml,40,20240529,3626859246,0.2,20%,780,156,312
tc2c40s8cf2.xml,40,20240529,3626859246,0.3,30%,780,234,468
tc2c40s8cf2.xml,40,20240530,3975751207,0.1,10%,780,78,156
tc2c40s8cf2.xml,40,20240530,3975751207,0.2,20%,780,156,312
tc2c40s8cf2.xml,40,20240530,3975751207,0.3,30%,780,234,468
tc2c40s8cf2.xml,40,20240531,3462857994,0.1,10%,780,78,156
tc2c40s8cf2.xml,40,20240531,3462857994,0.2,20%,780,156,312
tc2c40s8cf2.xml,40,20240531,3462857994,0.3,30%,780,234,468
tc2c40s8cf2.xml,40,20240532,1238824775,0.1,10%,780,78,156
tc2c40s8cf2.xml,40,20240532,1238824775,0.2,20%,780,156,312
tc2c40s8cf2.xml,40,20240532,1238824775,0.3,30%,780,234,468
tc2c40s8cf3.xml,40,20240528,4217623207,0.1,10%,780,78,156
tc2c40s8cf3.xml,40,20240528,4217623207,0.2,20%,780,156,312
tc2c40s8cf3.xml,40,20240528,4217623207,0.3,30%,780,234,468
tc2c40s8cf3.xml,40,20240529,230961345,0.1,10%,780,78,156
tc2c40s8cf3.xml,40,20240529,230961345,0.2,20%,780,156,312
tc2c40s8cf3.xml,40,20240529,230961345,0.3,30%,780,234,468
tc2c40s8cf3.xml,40,20240530,3622477280,0.1,10%,780,78,156
tc2c40s8cf3.xml,40,20240530,3622477280,0.2,20%,780,156,312
tc2c40s8cf3.xml,40,20240530,3622477280,0.3,30%,780,234,468
tc2c40s8cf3.xml,40,20240531,1402906619,0.1,10%,780,78,156
tc2c40s8cf3.xml,40,20240531,1402906619,0.2,20%,780,156,312
tc2c40s8cf3.xml,40,20240531,1402906619,0.3,30%,780,234,468
tc2c40s8cf3.xml,40,20240532,3530093915,0.1,10%,780,78,156
tc2c40s8cf3.xml,40,20240532,3530093915,0.2,20%,780,156,312
tc2c40s8cf3.xml,40,20240532,3530093915,0.3,30%,780,234,468
tc2c40s8ct2.xml,40,20240528,3693632546,0.1,10%,780,78,156
tc2c40s8ct2.xml,40,20240528,3693632546,0.2,20%,780,156,312
tc2c40s8ct2.xml,40,20240528,3693632546,0.3,30%,780,234,468
tc2c40s8ct2.xml,40,20240529,3262335286,0.1,10%,780,78,156
tc2c40s8ct2.xml,40,20240529,3262335286,0.2,20%,780,156,312
tc2c40s8ct2.xml,40,20240529,3262335286,0.3,30%,780,234,468
tc2c40s8ct2.xml,40,20240530,3114158273,0.1,10%,780,78,156
tc2c40s8ct2.xml,40,20240530,3114158273,0.2,20%,780,156,312
tc2c40s8ct2.xml,40,20240530,3114158273,0.3,30%,780,234,468
tc2c40s8ct2.xml,40,20240531,3081831861,0.1,10%,780,78,156
tc2c40s8ct2.xml,40,20240531,3081831861,0.2,20%,780,156,312
tc2c40s8ct2.xml,40,20240531,3081831861,0.3,30%,780,234,468
tc2c40s8ct2.xml,40,20240532,3819290004,0.1,10%,780,78,156
tc2c40s8ct2.xml,40,20240532,3819290004,0.2,20%,780,156,312
tc2c40s8ct2.xml,40,20240532,3819290004,0.3,30%,780,234,468
tc2c40s8ct3.xml,40,20240528,3921360939,0.1,10%,780,78,156
tc2c40s8ct3.xml,40,20240528,3921360939,0.2,20%,780,156,312
tc2c40s8ct3.xml,40,20240528,3921360939,0.3,30%,780,234,468
tc2c40s8ct3.xml,40,20240529,1301873729,0.1,10%,780,78,156
tc2c40s8ct3.xml,40,20240529,1301873729,0.2,20%,780,156,312
tc2c40s8ct3.xml,40,20240529,1301873729,0.3,30%,780,234,468
tc2c40s8ct3.xml,40,20240530,2222904082,0.1,10%,780,78,156
tc2c40s8ct3.xml,40,20240530,2222904082,0.2,20%,780,156,312
tc2c40s8ct3.xml,40,20240530,2222904082,0.3,30%,780,234,468
tc2c40s8ct3.xml,40,20240531,56654045,0.1,10%,780,78,156
tc2c40s8ct3.xml,40,20240531,56654045,0.2,20%,780,156,312
tc2c40s8ct3.xml,40,20240531,56654045,0.3,30%,780,234,468
tc2c40s8ct3.xml,40,20240532,763832175,0.1,10%,780,78,156
tc2c40s8ct3.xml,40,20240532,763832175,0.2,20%,780,156,312
tc2c40s8ct3.xml,40,20240532,763832175,0.3,30%,780,234,468
